id_candidato,sintoma,condicion,causa_candidata,revision_inicial,pregunta_aclaracion,urgencia_fuente,sistema_fuente,codigo_canonico_propuesto,falla_canonica_propuesta,sistema_canonico,estado_mapeo,decision_revision,validado_por_mecanico,apto_entrenamiento,uso_recomendado_actual,fuente,url_fuente,seccion_fuente,fecha_consulta,licencia_fuente,sha256_texto_fuente,observaciones_revision
GEM-0001,el auto no arranca,al girar la llave o pulsar el boton de encendido,bateria descargada,"Revisar luces, bornes y sonido al intentar arrancar.","¿El motor gira, solo hace clic o no enciende ninguna luz?",ALTA,Sistema electrico y combustible,ELECTRICO_002,Bateria descargada o bornes sulfatados,Sistema Eléctrico y Carga,MAPEO_PROPUESTO,PENDIENTE_MECANICO,NO,NO,CANDIDATO_RAG_Y_REVISION,"Fallas comunes del auto: guia para diagnosticar sintomas, causas y que revisar",https://gemacar.com/blog/fallas-comunes-auto/,El auto no arranca,2026-09-02,NO_DECLARADA,88cb512affaf6573b6d81bb1a5e172192c0c1e9c761255bbba78c6ab591669d6,
GEM-0002,el auto no arranca,al girar la llave o pulsar el boton de encendido,bornes sulfatados o flojos,"Revisar luces, bornes y sonido al intentar arrancar.","¿El motor gira, solo hace clic o no enciende ninguna luz?",ALTA,Sistema electrico y combustible,ELECTRICO_002,Bateria descargada o bornes sulfatados,Sistema Eléctrico y Carga,MAPEO_PROPUESTO,PENDIENTE_MECANICO,NO,NO,CANDIDATO_RAG_Y_REVISION,"Fallas comunes del auto: guia para diagnosticar sintomas, causas y que revisar",https://gemacar.com/blog/fallas-comunes-auto/,El auto no arranca,2026-09-02,NO_DECLARADA,88cb512affaf6573b6d81bb1a5e172192c0c1e9c761255bbba78c6ab591669d6,
GEM-0003,el auto no arranca,al girar la llave o pulsar el boton de encendido,alternador que no carga,"Revisar luces, bornes y sonido al intentar arrancar.","¿El motor gira, solo hace clic o no enciende ninguna luz?",ALTA,Sistema electrico y combustible,ELECTRICO_001,Alternador defectuoso o placa de diodos quemada,Sistema Eléctrico y Carga,MAPEO_PROPUESTO,PENDIENTE_MECANICO,NO,NO,CANDIDATO_RAG_Y_REVISION,"Fallas comunes del auto: guia para diagnosticar sintomas, causas y que revisar",https://gemacar.com/blog/fallas-comunes-auto/,El auto no arranca,2026-09-02,NO_DECLARADA,88cb512affaf6573b6d81bb1a5e172192c0c1e9c761255bbba78c6ab591669d6,
GEM-0004,el auto no arranca,al girar la llave o pulsar el boton de encendido,motor de arranque defectuoso,"Revisar luces, bornes y sonido al intentar arrancar.","¿El motor gira, solo hace clic o no enciende ninguna luz?",ALTA,Sistema electrico y combustible,,,,SIN_CLASE_CANONICA,PENDIENTE_MECANICO,NO,NO,CANDIDATO_RAG_Y_REVISION,"Fallas comunes del auto: guia para diagnosticar sintomas, causas y que revisar",https://gemacar.com/blog/fallas-comunes-auto/,El auto no arranca,2026-09-02,NO_DECLARADA,88cb512affaf6573b6d81bb1a5e172192c0c1e9c761255bbba78c6ab591669d6,
GEM-0005,el auto no arranca,al girar la llave o pulsar el boton de encendido,fusible quemado,"Revisar luces, bornes y sonido al intentar arrancar.","¿El motor gira, solo hace clic o no enciende ninguna luz?",ALTA,Sistema electrico y combustible,,,,SIN_CLASE_CANONICA,PENDIENTE_MECANICO,NO,NO,CANDIDATO_RAG_Y_REVISION,"Fallas comunes del auto: guia para diagnosticar sintomas, causas y que revisar",https://gemacar.com/blog/fallas-comunes-auto/,El auto no arranca,2026-09-02,NO_DECLARADA,88cb512affaf6573b6d81bb1a5e172192c0c1e9c761255bbba78c6ab591669d6,
GEM-0006,el auto no arranca,al girar la llave o pulsar el boton de encendido,"problema de llave, inmovilizador o alarma","Revisar luces, bornes y sonido al intentar arrancar.","¿El motor gira, solo hace clic o no enciende ninguna luz?",ALTA,Sistema electrico y combustible,,,,SIN_CLASE_CANONICA,PENDIENTE_MECANICO,NO,NO,CANDIDATO_RAG_Y_REVISION,"Fallas comunes del auto: guia para diagnosticar sintomas, causas y que revisar",https://gemacar.com/blog/fallas-comunes-auto/,El auto no arranca,2026-09-02,NO_DECLARADA,88cb512affaf6573b6d81bb1a5e172192c0c1e9c761255bbba78c6ab591669d6,
GEM-0007,el auto no arranca,al girar la llave o pulsar el boton de encendido,falta de combustible,"Revisar luces, bornes y sonido al intentar arrancar.","¿El motor gira, solo hace clic o no enciende ninguna luz?",ALTA,Sistema electrico y combustible,,,,REQUIERE_DESCARTE,PENDIENTE_MECANICO,NO,NO,CANDIDATO_RAG_Y_REVISION,"Fallas comunes del auto: guia para diagnosticar sintomas, causas y que revisar",https://gemacar.com/blog/fallas-comunes-auto/,El auto no arranca,2026-09-02,NO_DECLARADA,88cb512affaf6573b6d81bb1a5e172192c0c1e9c761255bbba78c6ab591669d6,
GEM-0008,el auto no arranca,al girar la llave o pulsar el boton de encendido,bomba de gasolina defectuosa,"Revisar luces, bornes y sonido al intentar arrancar.","¿El motor gira, solo hace clic o no enciende ninguna luz?",ALTA,Sistema electrico y combustible,COMBUSTIBLE_002,Bomba de gasolina quemada o con baja presion,Inyección de Combustible,MAPEO_PROPUESTO,PENDIENTE_MECANICO,NO,NO,CANDIDATO_RAG_Y_REVISION,"Fallas comunes del auto: guia para diagnosticar sintomas, causas y que revisar",https://gemacar.com/blog/fallas-comunes-auto/,El auto no arranca,2026-09-02,NO_DECLARADA,88cb512affaf6573b6d81bb1a5e172192c0c1e9c761255bbba78c6ab591669d6,
GEM-0009,se enciende la luz check engine,con el motor encendido,tapa de combustible floja o dañada,Leer codigos OBD2 y comprobar si la luz esta fija o parpadea.,¿La luz esta fija o parpadea?,MEDIA_ALTA,"Motor, emisiones y combustible",,,,SIN_CLASE_CANONICA,PENDIENTE_MECANICO,NO,NO,CANDIDATO_RAG_Y_REVISION,"Fallas comunes del auto: guia para diagnosticar sintomas, causas y que revisar",https://gemacar.com/blog/fallas-comunes-auto/,Check engine,2026-09-02,NO_DECLARADA,88cb512affaf6573b6d81bb1a5e172192c0c1e9c761255bbba78c6ab591669d6,
GEM-0010,se enciende la luz check engine,con el motor encendido,sensor de oxigeno defectuoso,Leer codigos OBD2 y comprobar si la luz esta fija o parpadea.,¿La luz esta fija o parpadea?,MEDIA_ALTA,"Motor, emisiones y combustible",COMBUSTIBLE_004,Falla en sensor de oxigeno o mezcla rica,Inyección de Combustible,MAPEO_PROPUESTO,PENDIENTE_MECANICO,NO,NO,CANDIDATO_RAG_Y_REVISION,"Fallas comunes del auto: guia para diagnosticar sintomas, causas y que revisar",https://gemacar.com/blog/fallas-comunes-auto/,Check engine,2026-09-02,NO_DECLARADA,88cb512affaf6573b6d81bb1a5e172192c0c1e9c761255bbba78c6ab591669d6,
GEM-0011,se enciende la luz check engine,con el motor encendido,bujias o bobinas en mal estado,Leer codigos OBD2 y comprobar si la luz esta fija o parpadea.,¿La luz esta fija o parpadea?,MEDIA_ALTA,"Motor, emisiones y combustible",MOTOR_001,Falla en bujias o bobinas de encendido (misfire),Motor,MAPEO_PROPUESTO,PENDIENTE_MECANICO,NO,NO,CANDIDATO_RAG_Y_REVISION,"Fallas comunes del auto: guia para diagnosticar sintomas, causas y que revisar",https://gemacar.com/blog/fallas-comunes-auto/,Check engine,2026-09-02,NO_DECLARADA,88cb512affaf6573b6d81bb1a5e172192c0c1e9c761255bbba78c6ab591669d6,
GEM-0012,se enciende la luz check engine,con el motor encendido,mezcla incorrecta de aire y combustible,Leer codigos OBD2 y comprobar si la luz esta fija o parpadea.,¿La luz esta fija o parpadea?,MEDIA_ALTA,"Motor, emisiones y combustible",COMBUSTIBLE_004,Falla en sensor de oxigeno o mezcla rica,Inyección de Combustible,MAPEO_PROPUESTO,PENDIENTE_MECANICO,NO,NO,CANDIDATO_RAG_Y_REVISION,"Fallas comunes del auto: guia para diagnosticar sintomas, causas y que revisar",https://gemacar.com/blog/fallas-comunes-auto/,Check engine,2026-09-02,NO_DECLARADA,88cb512affaf6573b6d81bb1a5e172192c0c1e9c761255bbba78c6ab591669d6,
GEM-0013,se enciende la luz check engine,con el motor encendido,catalizador con problema,Leer codigos OBD2 y comprobar si la luz esta fija o parpadea.,¿La luz esta fija o parpadea?,MEDIA_ALTA,"Motor, emisiones y combustible",,,,SIN_CLASE_CANONICA,PENDIENTE_MECANICO,NO,NO,CANDIDATO_RAG_Y_REVISION,"Fallas comunes del auto: guia para diagnosticar sintomas, causas y que revisar",https://gemacar.com/blog/fallas-comunes-auto/,Check engine,2026-09-02,NO_DECLARADA,88cb512affaf6573b6d81bb1a5e172192c0c1e9c761255bbba78c6ab591669d6,
GEM-0014,se enciende la luz check engine,con el motor encendido,sensor de motor defectuoso,Leer codigos OBD2 y comprobar si la luz esta fija o parpadea.,¿La luz esta fija o parpadea?,MEDIA_ALTA,"Motor, emisiones y combustible",,,,SIN_CLASE_CANONICA,PENDIENTE_MECANICO,NO,NO,CANDIDATO_RAG_Y_REVISION,"Fallas comunes del auto: guia para diagnosticar sintomas, causas y que revisar",https://gemacar.com/blog/fallas-comunes-auto/,Check engine,2026-09-02,NO_DECLARADA,88cb512affaf6573b6d81bb1a5e172192c0c1e9c761255bbba78c6ab591669d6,
GEM-0015,se enciende la luz check engine,con el motor encendido,fuga de vacio,Leer codigos OBD2 y comprobar si la luz esta fija o parpadea.,¿La luz esta fija o parpadea?,MEDIA_ALTA,"Motor, emisiones y combustible",,,,SIN_CLASE_CANONICA,PENDIENTE_MECANICO,NO,NO,CANDIDATO_RAG_Y_REVISION,"Fallas comunes del auto: guia para diagnosticar sintomas, causas y que revisar",https://gemacar.com/blog/fallas-comunes-auto/,Check engine,2026-09-02,NO_DECLARADA,88cb512affaf6573b6d81bb1a5e172192c0c1e9c761255bbba78c6ab591669d6,
GEM-0016,se enciende la luz check engine,con el motor encendido,problema del sistema de emisiones,Leer codigos OBD2 y comprobar si la luz esta fija o parpadea.,¿La luz esta fija o parpadea?,MEDIA_ALTA,"Motor, emisiones y combustible",,,,SIN_CLASE_CANONICA,PENDIENTE_MECANICO,NO,NO,CANDIDATO_RAG_Y_REVISION,"Fallas comunes del auto: guia para diagnosticar sintomas, causas y que revisar",https://gemacar.com/blog/fallas-comunes-auto/,Check engine,2026-09-02,NO_DECLARADA,88cb512affaf6573b6d81bb1a5e172192c0c1e9c761255bbba78c6ab591669d6,
GEM-0017,el motor se calienta,durante la marcha o en trafico,nivel bajo de refrigerante,Comprobar temperatura y refrigerante solo con el motor frio.,"¿Sube la temperatura, pierde refrigerante o sale vapor?",ALTA,Refrigeracion y motor,REFRIGERACION_002,Fuga en mangueras de refrigerante o radiador picado,Refrigeración,MAPEO_PROPUESTO,PENDIENTE_MECANICO,NO,NO,CANDIDATO_RAG_Y_REVISION,"Fallas comunes del auto: guia para diagnosticar sintomas, causas y que revisar",https://gemacar.com/blog/fallas-comunes-auto/,Motor recalentado,2026-09-02,NO_DECLARADA,88cb512affaf6573b6d81bb1a5e172192c0c1e9c761255bbba78c6ab591669d6,
GEM-0018,el motor se calienta,durante la marcha o en trafico,fuga de refrigerante,Comprobar temperatura y refrigerante solo con el motor frio.,"¿Sube la temperatura, pierde refrigerante o sale vapor?",ALTA,Refrigeracion y motor,REFRIGERACION_002,Fuga en mangueras de refrigerante o radiador picado,Refrigeración,MAPEO_PROPUESTO,PENDIENTE_MECANICO,NO,NO,CANDIDATO_RAG_Y_REVISION,"Fallas comunes del auto: guia para diagnosticar sintomas, causas y que revisar",https://gemacar.com/blog/fallas-comunes-auto/,Motor recalentado,2026-09-02,NO_DECLARADA,88cb512affaf6573b6d81bb1a5e172192c0c1e9c761255bbba78c6ab591669d6,
GEM-0019,el motor se calienta,durante la marcha o en trafico,radiador obstruido o dañado,Comprobar temperatura y refrigerante solo con el motor frio.,"¿Sube la temperatura, pierde refrigerante o sale vapor?",ALTA,Refrigeracion y motor,,,,SIN_CLASE_CANONICA,PENDIENTE_MECANICO,NO,NO,CANDIDATO_RAG_Y_REVISION,"Fallas comunes del auto: guia para diagnosticar sintomas, causas y que revisar",https://gemacar.com/blog/fallas-comunes-auto/,Motor recalentado,2026-09-02,NO_DECLARADA,88cb512affaf6573b6d81bb1a5e172192c0c1e9c761255bbba78c6ab591669d6,
GEM-0020,el motor se calienta,durante la marcha o en trafico,motoventilador que no enciende,Comprobar temperatura y refrigerante solo con el motor frio.,"¿Sube la temperatura, pierde refrigerante o sale vapor?",ALTA,Refrigeracion y motor,REFRIGERACION_001,Falla en termostato o motoventilador de radiador,Refrigeración,MAPEO_PROPUESTO,PENDIENTE_MECANICO,NO,NO,CANDIDATO_RAG_Y_REVISION,"Fallas comunes del auto: guia para diagnosticar sintomas, causas y que revisar",https://gemacar.com/blog/fallas-comunes-auto/,Motor recalentado,2026-09-02,NO_DECLARADA,88cb512affaf6573b6d81bb1a5e172192c0c1e9c761255bbba78c6ab591669d6,
GEM-0021,el motor se calienta,durante la marcha o en trafico,termostato trabado,Comprobar temperatura y refrigerante solo con el motor frio.,"¿Sube la temperatura, pierde refrigerante o sale vapor?",ALTA,Refrigeracion y motor,REFRIGERACION_001,Falla en termostato o motoventilador de radiador,Refrigeración,MAPEO_PROPUESTO,PENDIENTE_MECANICO,NO,NO,CANDIDATO_RAG_Y_REVISION,"Fallas comunes del auto: guia para diagnosticar sintomas, causas y que revisar",https://gemacar.com/blog/fallas-comunes-auto/,Motor recalentado,2026-09-02,NO_DECLARADA,88cb512affaf6573b6d81bb1a5e172192c0c1e9c761255bbba78c6ab591669d6,
GEM-0022,el motor se calienta,durante la marcha o en trafico,bomba de agua defectuosa,Comprobar temperatura y refrigerante solo con el motor frio.,"¿Sube la temperatura, pierde refrigerante o sale vapor?",ALTA,Refrigeracion y motor,,,,SIN_CLASE_CANONICA,PENDIENTE_MECANICO,NO,NO,CANDIDATO_RAG_Y_REVISION,"Fallas comunes del auto: guia para diagnosticar sintomas, causas y que revisar",https://gemacar.com/blog/fallas-comunes-auto/,Motor recalentado,2026-09-02,NO_DECLARADA,88cb512affaf6573b6d81bb1a5e172192c0c1e9c761255bbba78c6ab591669d6,
GEM-0023,el motor se calienta,durante la marcha o en trafico,tapa de radiador dañada,Comprobar temperatura y refrigerante solo con el motor frio.,"¿Sube la temperatura, pierde refrigerante o sale vapor?",ALTA,Refrigeracion y motor,,,,SIN_CLASE_CANONICA,PENDIENTE_MECANICO,NO,NO,CANDIDATO_RAG_Y_REVISION,"Fallas comunes del auto: guia para diagnosticar sintomas, causas y que revisar",https://gemacar.com/blog/fallas-comunes-auto/,Motor recalentado,2026-09-02,NO_DECLARADA,88cb512affaf6573b6d81bb1a5e172192c0c1e9c761255bbba78c6ab591669d6,
GEM-0024,el motor se calienta,durante la marcha o en trafico,aceite bajo o degradado,Comprobar temperatura y refrigerante solo con el motor frio.,"¿Sube la temperatura, pierde refrigerante o sale vapor?",ALTA,Refrigeracion y motor,,,,REQUIERE_REVISION_AMBIGUEDAD,PENDIENTE_MECANICO,NO,NO,CANDIDATO_RAG_Y_REVISION,"Fallas comunes del auto: guia para diagnosticar sintomas, causas y que revisar",https://gemacar.com/blog/fallas-comunes-auto/,Motor recalentado,2026-09-02,NO_DECLARADA,88cb512affaf6573b6d81bb1a5e172192c0c1e9c761255bbba78c6ab591669d6,
GEM-0025,el auto se apaga solo,"en minimo, en marcha, al frenar o al acelerar",bomba de gasolina debil,"Precisar cuando se apaga y revisar combustible, carga y admision.","¿Se apaga en minimo, al frenar, al acelerar o despues de calentarse?",ALTA,"Combustible, electrico y admision",COMBUSTIBLE_002,Bomba de gasolina quemada o con baja presion,Inyección de Combustible,MAPEO_PROPUESTO,PENDIENTE_MECANICO,NO,NO,CANDIDATO_RAG_Y_REVISION,"Fallas comunes del auto: guia para diagnosticar sintomas, causas y que revisar",https://gemacar.com/blog/fallas-comunes-auto/,El auto se apaga solo,2026-09-02,NO_DECLARADA,88cb512affaf6573b6d81bb1a5e172192c0c1e9c761255bbba78c6ab591669d6,
GEM-0026,el auto se apaga solo,"en minimo, en marcha, al frenar o al acelerar",filtro de combustible obstruido,"Precisar cuando se apaga y revisar combustible, carga y admision.","¿Se apaga en minimo, al frenar, al acelerar o despues de calentarse?",ALTA,"Combustible, electrico y admision",COMBUSTIBLE_001,Inyectores sucios o filtro de combustible obstruido,Inyección de Combustible,MAPEO_PROPUESTO,PENDIENTE_MECANICO,NO,NO,CANDIDATO_RAG_Y_REVISION,"Fallas comunes del auto: guia para diagnosticar sintomas, causas y que revisar",https://gemacar.com/blog/fallas-comunes-auto/,El auto se apaga solo,2026-09-02,NO_DECLARADA,88cb512affaf6573b6d81bb1a5e172192c0c1e9c761255bbba78c6ab591669d6,
GEM-0027,el auto se apaga solo,"en minimo, en marcha, al frenar o al acelerar",alternador defectuoso,"Precisar cuando se apaga y revisar combustible, carga y admision.","¿Se apaga en minimo, al frenar, al acelerar o despues de calentarse?",ALTA,"Combustible, electrico y admision",ELECTRICO_001,Alternador defectuoso o placa de diodos quemada,Sistema Eléctrico y Carga,MAPEO_PROPUESTO,PENDIENTE_MECANICO,NO,NO,CANDIDATO_RAG_Y_REVISION,"Fallas comunes del auto: guia para diagnosticar sintomas, causas y que revisar",https://gemacar.com/blog/fallas-comunes-auto/,El auto se apaga solo,2026-09-02,NO_DECLARADA,88cb512affaf6573b6d81bb1a5e172192c0c1e9c761255bbba78c6ab591669d6,
GEM-0028,el auto se apaga solo,"en minimo, en marcha, al frenar o al acelerar",conexion deficiente de bateria,"Precisar cuando se apaga y revisar combustible, carga y admision.","¿Se apaga en minimo, al frenar, al acelerar o despues de calentarse?",ALTA,"Combustible, electrico y admision",ELECTRICO_002,Bateria descargada o bornes sulfatados,Sistema Eléctrico y Carga,MAPEO_PROPUESTO,PENDIENTE_MECANICO,NO,NO,CANDIDATO_RAG_Y_REVISION,"Fallas comunes del auto: guia para diagnosticar sintomas, causas y que revisar",https://gemacar.com/blog/fallas-comunes-auto/,El auto se apaga solo,2026-09-02,NO_DECLARADA,88cb512affaf6573b6d81bb1a5e172192c0c1e9c761255bbba78c6ab591669d6,
GEM-0029,el auto se apaga solo,"en minimo, en marcha, al frenar o al acelerar",sensor de cigüeñal defectuoso,"Precisar cuando se apaga y revisar combustible, carga y admision.","¿Se apaga en minimo, al frenar, al acelerar o despues de calentarse?",ALTA,"Combustible, electrico y admision",,,,SIN_CLASE_CANONICA,PENDIENTE_MECANICO,NO,NO,CANDIDATO_RAG_Y_REVISION,"Fallas comunes del auto: guia para diagnosticar sintomas, causas y que revisar",https://gemacar.com/blog/fallas-comunes-auto/,El auto se apaga solo,2026-09-02,NO_DECLARADA,88cb512affaf6573b6d81bb1a5e172192c0c1e9c761255bbba78c6ab591669d6,
GEM-0030,el auto se apaga solo,"en minimo, en marcha, al frenar o al acelerar",sensor de arbol de levas defectuoso,"Precisar cuando se apaga y revisar combustible, carga y admision.","¿Se apaga en minimo, al frenar, al acelerar o despues de calentarse?",ALTA,"Combustible, electrico y admision",,,,SIN_CLASE_CANONICA,PENDIENTE_MECANICO,NO,NO,CANDIDATO_RAG_Y_REVISION,"Fallas comunes del auto: guia para diagnosticar sintomas, causas y que revisar",https://gemacar.com/blog/fallas-comunes-auto/,El auto se apaga solo,2026-09-02,NO_DECLARADA,88cb512affaf6573b6d81bb1a5e172192c0c1e9c761255bbba78c6ab591669d6,
GEM-0031,el auto se apaga solo,"en minimo, en marcha, al frenar o al acelerar",cuerpo de aceleracion sucio,"Precisar cuando se apaga y revisar combustible, carga y admision.","¿Se apaga en minimo, al frenar, al acelerar o despues de calentarse?",ALTA,"Combustible, electrico y admision",COMBUSTIBLE_003,Cuerpo de aceleracion o valvula IAC sucia,Inyección de Combustible,MAPEO_PROPUESTO,PENDIENTE_MECANICO,NO,NO,CANDIDATO_RAG_Y_REVISION,"Fallas comunes del auto: guia para diagnosticar sintomas, causas y que revisar",https://gemacar.com/blog/fallas-comunes-auto/,El auto se apaga solo,2026-09-02,NO_DECLARADA,88cb512affaf6573b6d81bb1a5e172192c0c1e9c761255bbba78c6ab591669d6,
GEM-0032,el auto se apaga solo,"en minimo, en marcha, al frenar o al acelerar",valvula IAC sucia o defectuosa,"Precisar cuando se apaga y revisar combustible, carga y admision.","¿Se apaga en minimo, al frenar, al acelerar o despues de calentarse?",ALTA,"Combustible, electrico y admision",COMBUSTIBLE_003,Cuerpo de aceleracion o valvula IAC sucia,Inyección de Combustible,MAPEO_PROPUESTO,PENDIENTE_MECANICO,NO,NO,CANDIDATO_RAG_Y_REVISION,"Fallas comunes del auto: guia para diagnosticar sintomas, causas y que revisar",https://gemacar.com/blog/fallas-comunes-auto/,El auto se apaga solo,2026-09-02,NO_DECLARADA,88cb512affaf6573b6d81bb1a5e172192c0c1e9c761255bbba78c6ab591669d6,
GEM-0033,el auto se apaga solo,"en minimo, en marcha, al frenar o al acelerar",fuga de vacio,"Precisar cuando se apaga y revisar combustible, carga y admision.","¿Se apaga en minimo, al frenar, al acelerar o despues de calentarse?",ALTA,"Combustible, electrico y admision",,,,SIN_CLASE_CANONICA,PENDIENTE_MECANICO,NO,NO,CANDIDATO_RAG_Y_REVISION,"Fallas comunes del auto: guia para diagnosticar sintomas, causas y que revisar",https://gemacar.com/blog/fallas-comunes-auto/,El auto se apaga solo,2026-09-02,NO_DECLARADA,88cb512affaf6573b6d81bb1a5e172192c0c1e9c761255bbba78c6ab591669d6,
GEM-0034,la bateria se descarga con frecuencia,con el vehiculo apagado o despues de trayectos cortos,bateria envejecida,"Medir bateria, carga del alternador, bornes y consumo en reposo.",¿Se descarga aun despues de cargarla o cambiarla?,MEDIA_ALTA,Sistema electrico,ELECTRICO_002,Bateria descargada o bornes sulfatados,Sistema Eléctrico y Carga,MAPEO_PROPUESTO,PENDIENTE_MECANICO,NO,NO,CANDIDATO_RAG_Y_REVISION,"Fallas comunes del auto: guia para diagnosticar sintomas, causas y que revisar",https://gemacar.com/blog/fallas-comunes-auto/,Bateria descargada,2026-09-02,NO_DECLARADA,88cb512affaf6573b6d81bb1a5e172192c0c1e9c761255bbba78c6ab591669d6,
GEM-0035,la bateria se descarga con frecuencia,con el vehiculo apagado o despues de trayectos cortos,luces o accesorios quedaron encendidos,"Medir bateria, carga del alternador, bornes y consumo en reposo.",¿Se descarga aun despues de cargarla o cambiarla?,MEDIA_ALTA,Sistema electrico,,,,REQUIERE_DESCARTE,PENDIENTE_MECANICO,NO,NO,CANDIDATO_RAG_Y_REVISION,"Fallas comunes del auto: guia para diagnosticar sintomas, causas y que revisar",https://gemacar.com/blog/fallas-comunes-auto/,Bateria descargada,2026-09-02,NO_DECLARADA,88cb512affaf6573b6d81bb1a5e172192c0c1e9c761255bbba78c6ab591669d6,
GEM-0036,la bateria se descarga con frecuencia,con el vehiculo apagado o despues de trayectos cortos,alternador que no carga,"Medir bateria, carga del alternador, bornes y consumo en reposo.",¿Se descarga aun despues de cargarla o cambiarla?,MEDIA_ALTA,Sistema electrico,ELECTRICO_001,Alternador defectuoso o placa de diodos quemada,Sistema Eléctrico y Carga,MAPEO_PROPUESTO,PENDIENTE_MECANICO,NO,NO,CANDIDATO_RAG_Y_REVISION,"Fallas comunes del auto: guia para diagnosticar sintomas, causas y que revisar",https://gemacar.com/blog/fallas-comunes-auto/,Bateria descargada,2026-09-02,NO_DECLARADA,88cb512affaf6573b6d81bb1a5e172192c0c1e9c761255bbba78c6ab591669d6,
GEM-0037,la bateria se descarga con frecuencia,con el vehiculo apagado o despues de trayectos cortos,bornes sucios o flojos,"Medir bateria, carga del alternador, bornes y consumo en reposo.",¿Se descarga aun despues de cargarla o cambiarla?,MEDIA_ALTA,Sistema electrico,ELECTRICO_002,Bateria descargada o bornes sulfatados,Sistema Eléctrico y Carga,MAPEO_PROPUESTO,PENDIENTE_MECANICO,NO,NO,CANDIDATO_RAG_Y_REVISION,"Fallas comunes del auto: guia para diagnosticar sintomas, causas y que revisar",https://gemacar.com/blog/fallas-comunes-auto/,Bateria descargada,2026-09-02,NO_DECLARADA,88cb512affaf6573b6d81bb1a5e172192c0c1e9c761255bbba78c6ab591669d6,
GEM-0038,la bateria se descarga con frecuencia,con el vehiculo apagado o despues de trayectos cortos,consumo electrico parasitario,"Medir bateria, carga del alternador, bornes y consumo en reposo.",¿Se descarga aun despues de cargarla o cambiarla?,MEDIA_ALTA,Sistema electrico,,,,SIN_CLASE_CANONICA,PENDIENTE_MECANICO,NO,NO,CANDIDATO_RAG_Y_REVISION,"Fallas comunes del auto: guia para diagnosticar sintomas, causas y que revisar",https://gemacar.com/blog/fallas-comunes-auto/,Bateria descargada,2026-09-02,NO_DECLARADA,88cb512affaf6573b6d81bb1a5e172192c0c1e9c761255bbba78c6ab591669d6,
GEM-0039,la bateria se descarga con frecuencia,con el vehiculo apagado o despues de trayectos cortos,trayectos demasiado cortos,"Medir bateria, carga del alternador, bornes y consumo en reposo.",¿Se descarga aun despues de cargarla o cambiarla?,MEDIA_ALTA,Sistema electrico,,,,REQUIERE_DESCARTE,PENDIENTE_MECANICO,NO,NO,CANDIDATO_RAG_Y_REVISION,"Fallas comunes del auto: guia para diagnosticar sintomas, causas y que revisar",https://gemacar.com/blog/fallas-comunes-auto/,Bateria descargada,2026-09-02,NO_DECLARADA,88cb512affaf6573b6d81bb1a5e172192c0c1e9c761255bbba78c6ab591669d6,
GEM-0040,la bateria se descarga con frecuencia,con el vehiculo apagado o despues de trayectos cortos,degradacion por calor,"Medir bateria, carga del alternador, bornes y consumo en reposo.",¿Se descarga aun despues de cargarla o cambiarla?,MEDIA_ALTA,Sistema electrico,ELECTRICO_002,Bateria descargada o bornes sulfatados,Sistema Eléctrico y Carga,REQUIERE_REVISION_AMBIGUEDAD,PENDIENTE_MECANICO,NO,NO,CANDIDATO_RAG_Y_REVISION,"Fallas comunes del auto: guia para diagnosticar sintomas, causas y que revisar",https://gemacar.com/blog/fallas-comunes-auto/,Bateria descargada,2026-09-02,NO_DECLARADA,88cb512affaf6573b6d81bb1a5e172192c0c1e9c761255bbba78c6ab591669d6,
GEM-0041,"hay luz de bateria, luces debiles o apagones",con el motor en funcionamiento,alternador defectuoso,Medir voltaje de bateria y carga del alternador.,¿Las luces se debilitan o el auto se apaga con el motor encendido?,ALTA,Sistema electrico,ELECTRICO_001,Alternador defectuoso o placa de diodos quemada,Sistema Eléctrico y Carga,MAPEO_PROPUESTO,PENDIENTE_MECANICO,NO,NO,CANDIDATO_RAG_Y_REVISION,"Fallas comunes del auto: guia para diagnosticar sintomas, causas y que revisar",https://gemacar.com/blog/fallas-comunes-auto/,Alternador en mal estado,2026-09-02,NO_DECLARADA,88cb512affaf6573b6d81bb1a5e172192c0c1e9c761255bbba78c6ab591669d6,
GEM-0042,el auto pierde fuerza,al acelerar o subir pendientes,filtro de aire sucio,"Revisar filtro de aire, respuesta al acelerar y codigos OBD2.","¿Pierde fuerza al acelerar, en subida o en ambos casos?",MEDIA_ALTA,"Motor, combustible y transmision",,,,SIN_CLASE_CANONICA,PENDIENTE_MECANICO,NO,NO,CANDIDATO_RAG_Y_REVISION,"Fallas comunes del auto: guia para diagnosticar sintomas, causas y que revisar",https://gemacar.com/blog/fallas-comunes-auto/,Perdida de potencia,2026-09-02,NO_DECLARADA,88cb512affaf6573b6d81bb1a5e172192c0c1e9c761255bbba78c6ab591669d6,
GEM-0043,el auto pierde fuerza,al acelerar o subir pendientes,filtro de combustible obstruido,"Revisar filtro de aire, respuesta al acelerar y codigos OBD2.","¿Pierde fuerza al acelerar, en subida o en ambos casos?",MEDIA_ALTA,"Motor, combustible y transmision",COMBUSTIBLE_001,Inyectores sucios o filtro de combustible obstruido,Inyección de Combustible,MAPEO_PROPUESTO,PENDIENTE_MECANICO,NO,NO,CANDIDATO_RAG_Y_REVISION,"Fallas comunes del auto: guia para diagnosticar sintomas, causas y que revisar",https://gemacar.com/blog/fallas-comunes-auto/,Perdida de potencia,2026-09-02,NO_DECLARADA,88cb512affaf6573b6d81bb1a5e172192c0c1e9c761255bbba78c6ab591669d6,
GEM-0044,el auto pierde fuerza,al acelerar o subir pendientes,bujias desgastadas,"Revisar filtro de aire, respuesta al acelerar y codigos OBD2.","¿Pierde fuerza al acelerar, en subida o en ambos casos?",MEDIA_ALTA,"Motor, combustible y transmision",MOTOR_001,Falla en bujias o bobinas de encendido (misfire),Motor,MAPEO_PROPUESTO,PENDIENTE_MECANICO,NO,NO,CANDIDATO_RAG_Y_REVISION,"Fallas comunes del auto: guia para diagnosticar sintomas, causas y que revisar",https://gemacar.com/blog/fallas-comunes-auto/,Perdida de potencia,2026-09-02,NO_DECLARADA,88cb512affaf6573b6d81bb1a5e172192c0c1e9c761255bbba78c6ab591669d6,
GEM-0045,el auto pierde fuerza,al acelerar o subir pendientes,bobinas defectuosas,"Revisar filtro de aire, respuesta al acelerar y codigos OBD2.","¿Pierde fuerza al acelerar, en subida o en ambos casos?",MEDIA_ALTA,"Motor, combustible y transmision",MOTOR_001,Falla en bujias o bobinas de encendido (misfire),Motor,MAPEO_PROPUESTO,PENDIENTE_MECANICO,NO,NO,CANDIDATO_RAG_Y_REVISION,"Fallas comunes del auto: guia para diagnosticar sintomas, causas y que revisar",https://gemacar.com/blog/fallas-comunes-auto/,Perdida de potencia,2026-09-02,NO_DECLARADA,88cb512affaf6573b6d81bb1a5e172192c0c1e9c761255bbba78c6ab591669d6,
GEM-0046,el auto pierde fuerza,al acelerar o subir pendientes,inyectores sucios,"Revisar filtro de aire, respuesta al acelerar y codigos OBD2.","¿Pierde fuerza al acelerar, en subida o en ambos casos?",MEDIA_ALTA,"Motor, combustible y transmision",COMBUSTIBLE_001,Inyectores sucios o filtro de combustible obstruido,Inyección de Combustible,MAPEO_PROPUESTO,PENDIENTE_MECANICO,NO,NO,CANDIDATO_RAG_Y_REVISION,"Fallas comunes del auto: guia para diagnosticar sintomas, causas y que revisar",https://gemacar.com/blog/fallas-comunes-auto/,Perdida de potencia,2026-09-02,NO_DECLARADA,88cb512affaf6573b6d81bb1a5e172192c0c1e9c761255bbba78c6ab591669d6,
GEM-0047,el auto pierde fuerza,al acelerar o subir pendientes,sensor MAF o MAP defectuoso,"Revisar filtro de aire, respuesta al acelerar y codigos OBD2.","¿Pierde fuerza al acelerar, en subida o en ambos casos?",MEDIA_ALTA,"Motor, combustible y transmision",,,,SIN_CLASE_CANONICA,PENDIENTE_MECANICO,NO,NO,CANDIDATO_RAG_Y_REVISION,"Fallas comunes del auto: guia para diagnosticar sintomas, causas y que revisar",https://gemacar.com/blog/fallas-comunes-auto/,Perdida de potencia,2026-09-02,NO_DECLARADA,88cb512affaf6573b6d81bb1a5e172192c0c1e9c761255bbba78c6ab591669d6,
GEM-0048,el auto pierde fuerza,al acelerar o subir pendientes,catalizador obstruido,"Revisar filtro de aire, respuesta al acelerar y codigos OBD2.","¿Pierde fuerza al acelerar, en subida o en ambos casos?",MEDIA_ALTA,"Motor, combustible y transmision",,,,SIN_CLASE_CANONICA,PENDIENTE_MECANICO,NO,NO,CANDIDATO_RAG_Y_REVISION,"Fallas comunes del auto: guia para diagnosticar sintomas, causas y que revisar",https://gemacar.com/blog/fallas-comunes-auto/,Perdida de potencia,2026-09-02,NO_DECLARADA,88cb512affaf6573b6d81bb1a5e172192c0c1e9c761255bbba78c6ab591669d6,
GEM-0049,el auto pierde fuerza,al acelerar o subir pendientes,problema de transmision,"Revisar filtro de aire, respuesta al acelerar y codigos OBD2.","¿Pierde fuerza al acelerar, en subida o en ambos casos?",MEDIA_ALTA,"Motor, combustible y transmision",,,,REQUIERE_REVISION_AMBIGUEDAD,PENDIENTE_MECANICO,NO,NO,CANDIDATO_RAG_Y_REVISION,"Fallas comunes del auto: guia para diagnosticar sintomas, causas y que revisar",https://gemacar.com/blog/fallas-comunes-auto/,Perdida de potencia,2026-09-02,NO_DECLARADA,88cb512affaf6573b6d81bb1a5e172192c0c1e9c761255bbba78c6ab591669d6,
GEM-0050,el auto pierde fuerza,al acelerar o subir pendientes,combustible de mala calidad,"Revisar filtro de aire, respuesta al acelerar y codigos OBD2.","¿Pierde fuerza al acelerar, en subida o en ambos casos?",MEDIA_ALTA,"Motor, combustible y transmision",,,,REQUIERE_DESCARTE,PENDIENTE_MECANICO,NO,NO,CANDIDATO_RAG_Y_REVISION,"Fallas comunes del auto: guia para diagnosticar sintomas, causas y que revisar",https://gemacar.com/blog/fallas-comunes-auto/,Perdida de potencia,2026-09-02,NO_DECLARADA,88cb512affaf6573b6d81bb1a5e172192c0c1e9c761255bbba78c6ab591669d6,
GEM-0051,el auto consume demasiado combustible,comparado con su consumo habitual,filtro de aire sucio,Comparar consumo y revisar mantenimiento y presion de neumaticos.,"¿Aumento el consumo junto con tirones, humo o perdida de fuerza?",MEDIA,"Combustible, motor y rodaje",,,,SIN_CLASE_CANONICA,PENDIENTE_MECANICO,NO,NO,CANDIDATO_RAG_Y_REVISION,"Fallas comunes del auto: guia para diagnosticar sintomas, causas y que revisar",https://gemacar.com/blog/fallas-comunes-auto/,Consumo excesivo,2026-09-02,NO_DECLARADA,88cb512affaf6573b6d81bb1a5e172192c0c1e9c761255bbba78c6ab591669d6,
GEM-0052,el auto consume demasiado combustible,comparado con su consumo habitual,bujias en mal estado,Comparar consumo y revisar mantenimiento y presion de neumaticos.,"¿Aumento el consumo junto con tirones, humo o perdida de fuerza?",MEDIA,"Combustible, motor y rodaje",MOTOR_001,Falla en bujias o bobinas de encendido (misfire),Motor,MAPEO_PROPUESTO,PENDIENTE_MECANICO,NO,NO,CANDIDATO_RAG_Y_REVISION,"Fallas comunes del auto: guia para diagnosticar sintomas, causas y que revisar",https://gemacar.com/blog/fallas-comunes-auto/,Consumo excesivo,2026-09-02,NO_DECLARADA,88cb512affaf6573b6d81bb1a5e172192c0c1e9c761255bbba78c6ab591669d6,
GEM-0053,el auto consume demasiado combustible,comparado con su consumo habitual,sensor de oxigeno defectuoso,Comparar consumo y revisar mantenimiento y presion de neumaticos.,"¿Aumento el consumo junto con tirones, humo o perdida de fuerza?",MEDIA,"Combustible, motor y rodaje",COMBUSTIBLE_004,Falla en sensor de oxigeno o mezcla rica,Inyección de Combustible,MAPEO_PROPUESTO,PENDIENTE_MECANICO,NO,NO,CANDIDATO_RAG_Y_REVISION,"Fallas comunes del auto: guia para diagnosticar sintomas, causas y que revisar",https://gemacar.com/blog/fallas-comunes-auto/,Consumo excesivo,2026-09-02,NO_DECLARADA,88cb512affaf6573b6d81bb1a5e172192c0c1e9c761255bbba78c6ab591669d6,
GEM-0054,el auto consume demasiado combustible,comparado con su consumo habitual,inyectores sucios,Comparar consumo y revisar mantenimiento y presion de neumaticos.,"¿Aumento el consumo junto con tirones, humo o perdida de fuerza?",MEDIA,"Combustible, motor y rodaje",COMBUSTIBLE_001,Inyectores sucios o filtro de combustible obstruido,Inyección de Combustible,MAPEO_PROPUESTO,PENDIENTE_MECANICO,NO,NO,CANDIDATO_RAG_Y_REVISION,"Fallas comunes del auto: guia para diagnosticar sintomas, causas y que revisar",https://gemacar.com/blog/fallas-comunes-auto/,Consumo excesivo,2026-09-02,NO_DECLARADA,88cb512affaf6573b6d81bb1a5e172192c0c1e9c761255bbba78c6ab591669d6,
GEM-0055,el auto consume demasiado combustible,comparado con su consumo habitual,presion baja de neumaticos,Comparar consumo y revisar mantenimiento y presion de neumaticos.,"¿Aumento el consumo junto con tirones, humo o perdida de fuerza?",MEDIA,"Combustible, motor y rodaje",,,,REQUIERE_DESCARTE,PENDIENTE_MECANICO,NO,NO,CANDIDATO_RAG_Y_REVISION,"Fallas comunes del auto: guia para diagnosticar sintomas, causas y que revisar",https://gemacar.com/blog/fallas-comunes-auto/,Consumo excesivo,2026-09-02,NO_DECLARADA,88cb512affaf6573b6d81bb1a5e172192c0c1e9c761255bbba78c6ab591669d6,
GEM-0056,el auto consume demasiado combustible,comparado con su consumo habitual,aceite incorrecto,Comparar consumo y revisar mantenimiento y presion de neumaticos.,"¿Aumento el consumo junto con tirones, humo o perdida de fuerza?",MEDIA,"Combustible, motor y rodaje",,,,REQUIERE_DESCARTE,PENDIENTE_MECANICO,NO,NO,CANDIDATO_RAG_Y_REVISION,"Fallas comunes del auto: guia para diagnosticar sintomas, causas y que revisar",https://gemacar.com/blog/fallas-comunes-auto/,Consumo excesivo,2026-09-02,NO_DECLARADA,88cb512affaf6573b6d81bb1a5e172192c0c1e9c761255bbba78c6ab591669d6,
GEM-0057,el auto consume demasiado combustible,comparado con su consumo habitual,frenos pegados,Comparar consumo y revisar mantenimiento y presion de neumaticos.,"¿Aumento el consumo junto con tirones, humo o perdida de fuerza?",MEDIA,"Combustible, motor y rodaje",,,,SIN_CLASE_CANONICA,PENDIENTE_MECANICO,NO,NO,CANDIDATO_RAG_Y_REVISION,"Fallas comunes del auto: guia para diagnosticar sintomas, causas y que revisar",https://gemacar.com/blog/fallas-comunes-auto/,Consumo excesivo,2026-09-02,NO_DECLARADA,88cb512affaf6573b6d81bb1a5e172192c0c1e9c761255bbba78c6ab591669d6,
GEM-0058,el auto consume demasiado combustible,comparado con su consumo habitual,manejo agresivo,Comparar consumo y revisar mantenimiento y presion de neumaticos.,"¿Aumento el consumo junto con tirones, humo o perdida de fuerza?",MEDIA,"Combustible, motor y rodaje",,,,REQUIERE_DESCARTE,PENDIENTE_MECANICO,NO,NO,CANDIDATO_RAG_Y_REVISION,"Fallas comunes del auto: guia para diagnosticar sintomas, causas y que revisar",https://gemacar.com/blog/fallas-comunes-auto/,Consumo excesivo,2026-09-02,NO_DECLARADA,88cb512affaf6573b6d81bb1a5e172192c0c1e9c761255bbba78c6ab591669d6,
GEM-0059,el auto consume demasiado combustible,comparado con su consumo habitual,exceso de peso,Comparar consumo y revisar mantenimiento y presion de neumaticos.,"¿Aumento el consumo junto con tirones, humo o perdida de fuerza?",MEDIA,"Combustible, motor y rodaje",,,,REQUIERE_DESCARTE,PENDIENTE_MECANICO,NO,NO,CANDIDATO_RAG_Y_REVISION,"Fallas comunes del auto: guia para diagnosticar sintomas, causas y que revisar",https://gemacar.com/blog/fallas-comunes-auto/,Consumo excesivo,2026-09-02,NO_DECLARADA,88cb512affaf6573b6d81bb1a5e172192c0c1e9c761255bbba78c6ab591669d6,
GEM-0060,sale humo blanco por el escape,de forma persistente con el motor caliente,refrigerante entrando al motor,Comprobar perdida de refrigerante y temperatura.,¿El humo desaparece al calentar o sigue siendo denso?,ALTA,Motor y refrigeracion,MOTOR_003,Empaque de culata soplado o danado,Motor,MAPEO_PROPUESTO,PENDIENTE_MECANICO,NO,NO,CANDIDATO_RAG_Y_REVISION,"Fallas comunes del auto: guia para diagnosticar sintomas, causas y que revisar",https://gemacar.com/blog/fallas-comunes-auto/,Humo blanco,2026-09-02,NO_DECLARADA,88cb512affaf6573b6d81bb1a5e172192c0c1e9c761255bbba78c6ab591669d6,
GEM-0061,sale humo blanco por el escape,de forma persistente con el motor caliente,empaque de culata dañado,Comprobar perdida de refrigerante y temperatura.,¿El humo desaparece al calentar o sigue siendo denso?,ALTA,Motor y refrigeracion,MOTOR_003,Empaque de culata soplado o danado,Motor,MAPEO_PROPUESTO,PENDIENTE_MECANICO,NO,NO,CANDIDATO_RAG_Y_REVISION,"Fallas comunes del auto: guia para diagnosticar sintomas, causas y que revisar",https://gemacar.com/blog/fallas-comunes-auto/,Humo blanco,2026-09-02,NO_DECLARADA,88cb512affaf6573b6d81bb1a5e172192c0c1e9c761255bbba78c6ab591669d6,
GEM-0062,sale vapor blanco leve por el escape,solo al encender en frio y desaparece,condensacion normal,Observar si desaparece al alcanzar temperatura normal.,¿Desaparece pocos minutos despues del arranque?,BAJA,Escape,,,,DESCARTAR_NO_FALLA,PENDIENTE_MECANICO,NO,NO,CANDIDATO_RAG_Y_REVISION,"Fallas comunes del auto: guia para diagnosticar sintomas, causas y que revisar",https://gemacar.com/blog/fallas-comunes-auto/,Vapor blanco en frio,2026-09-02,NO_DECLARADA,88cb512affaf6573b6d81bb1a5e172192c0c1e9c761255bbba78c6ab591669d6,
GEM-0063,sale humo azul por el escape,al acelerar o de forma constante,aceite quemado por desgaste o sellos,Revisar nivel y consumo de aceite.,¿Baja el nivel de aceite entre servicios?,MEDIA_ALTA,Motor,MOTOR_002,Consumo de aceite por desgaste de anillos o retenes,Motor,MAPEO_PROPUESTO,PENDIENTE_MECANICO,NO,NO,CANDIDATO_RAG_Y_REVISION,"Fallas comunes del auto: guia para diagnosticar sintomas, causas y que revisar",https://gemacar.com/blog/fallas-comunes-auto/,Humo azul,2026-09-02,NO_DECLARADA,88cb512affaf6573b6d81bb1a5e172192c0c1e9c761255bbba78c6ab591669d6,
GEM-0064,sale humo negro por el escape,al acelerar o bajo carga,mezcla rica de combustible,"Revisar mezcla, filtro de aire, inyectores y sensores.",¿El humo aparece al acelerar y aumento el consumo?,MEDIA_ALTA,Combustible y motor,COMBUSTIBLE_004,Falla en sensor de oxigeno o mezcla rica,Inyección de Combustible,MAPEO_PROPUESTO,PENDIENTE_MECANICO,NO,NO,CANDIDATO_RAG_Y_REVISION,"Fallas comunes del auto: guia para diagnosticar sintomas, causas y que revisar",https://gemacar.com/blog/fallas-comunes-auto/,Humo negro,2026-09-02,NO_DECLARADA,88cb512affaf6573b6d81bb1a5e172192c0c1e9c761255bbba78c6ab591669d6,
GEM-0065,sale humo negro por el escape,al acelerar o bajo carga,filtro de aire muy sucio,"Revisar mezcla, filtro de aire, inyectores y sensores.",¿El humo aparece al acelerar y aumento el consumo?,MEDIA_ALTA,Combustible y motor,,,,SIN_CLASE_CANONICA,PENDIENTE_MECANICO,NO,NO,CANDIDATO_RAG_Y_REVISION,"Fallas comunes del auto: guia para diagnosticar sintomas, causas y que revisar",https://gemacar.com/blog/fallas-comunes-auto/,Humo negro,2026-09-02,NO_DECLARADA,88cb512affaf6573b6d81bb1a5e172192c0c1e9c761255bbba78c6ab591669d6,
GEM-0066,sale humo negro por el escape,al acelerar o bajo carga,inyectores defectuosos,"Revisar mezcla, filtro de aire, inyectores y sensores.",¿El humo aparece al acelerar y aumento el consumo?,MEDIA_ALTA,Combustible y motor,COMBUSTIBLE_001,Inyectores sucios o filtro de combustible obstruido,Inyección de Combustible,REQUIERE_REVISION_AMBIGUEDAD,PENDIENTE_MECANICO,NO,NO,CANDIDATO_RAG_Y_REVISION,"Fallas comunes del auto: guia para diagnosticar sintomas, causas y que revisar",https://gemacar.com/blog/fallas-comunes-auto/,Humo negro,2026-09-02,NO_DECLARADA,88cb512affaf6573b6d81bb1a5e172192c0c1e9c761255bbba78c6ab591669d6,
GEM-0067,sale humo negro por el escape,al acelerar o bajo carga,sensor de mezcla defectuoso,"Revisar mezcla, filtro de aire, inyectores y sensores.",¿El humo aparece al acelerar y aumento el consumo?,MEDIA_ALTA,Combustible y motor,COMBUSTIBLE_004,Falla en sensor de oxigeno o mezcla rica,Inyección de Combustible,MAPEO_PROPUESTO,PENDIENTE_MECANICO,NO,NO,CANDIDATO_RAG_Y_REVISION,"Fallas comunes del auto: guia para diagnosticar sintomas, causas y que revisar",https://gemacar.com/blog/fallas-comunes-auto/,Humo negro,2026-09-02,NO_DECLARADA,88cb512affaf6573b6d81bb1a5e172192c0c1e9c761255bbba78c6ab591669d6,
GEM-0068,se escucha un ruido nuevo en el auto,"al frenar, pasar baches, rodar, girar o acelerar",pastillas de freno gastadas,"Identificar origen, tipo de ruido y momento en que aparece.","¿Suena al frenar, girar, acelerar o pasar un bache?",MEDIA_ALTA,"Frenos, suspension, direccion y motor",FRENO_001,Desgaste de pastillas y zapatas de freno,Frenos,MAPEO_PROPUESTO,PENDIENTE_MECANICO,NO,NO,CANDIDATO_RAG_Y_REVISION,"Fallas comunes del auto: guia para diagnosticar sintomas, causas y que revisar",https://gemacar.com/blog/fallas-comunes-auto/,Ruidos al conducir,2026-09-02,NO_DECLARADA,88cb512affaf6573b6d81bb1a5e172192c0c1e9c761255bbba78c6ab591669d6,
GEM-0069,se escucha un ruido nuevo en el auto,"al frenar, pasar baches, rodar, girar o acelerar",bujes o suspension desgastados,"Identificar origen, tipo de ruido y momento en que aparece.","¿Suena al frenar, girar, acelerar o pasar un bache?",MEDIA_ALTA,"Frenos, suspension, direccion y motor",SUSPENSION_001,Amortiguadores reventados o bujes de suspension gastados,Suspensión y Dirección,MAPEO_PROPUESTO,PENDIENTE_MECANICO,NO,NO,CANDIDATO_RAG_Y_REVISION,"Fallas comunes del auto: guia para diagnosticar sintomas, causas y que revisar",https://gemacar.com/blog/fallas-comunes-auto/,Ruidos al conducir,2026-09-02,NO_DECLARADA,88cb512affaf6573b6d81bb1a5e172192c0c1e9c761255bbba78c6ab591669d6,
GEM-0070,se escucha un ruido nuevo en el auto,"al frenar, pasar baches, rodar, girar o acelerar",rodamiento o neumatico defectuoso,"Identificar origen, tipo de ruido y momento en que aparece.","¿Suena al frenar, girar, acelerar o pasar un bache?",MEDIA_ALTA,"Frenos, suspension, direccion y motor",,,,SIN_CLASE_CANONICA,PENDIENTE_MECANICO,NO,NO,CANDIDATO_RAG_Y_REVISION,"Fallas comunes del auto: guia para diagnosticar sintomas, causas y que revisar",https://gemacar.com/blog/fallas-comunes-auto/,Ruidos al conducir,2026-09-02,NO_DECLARADA,88cb512affaf6573b6d81bb1a5e172192c0c1e9c761255bbba78c6ab591669d6,
GEM-0071,se escucha un ruido nuevo en el auto,"al frenar, pasar baches, rodar, girar o acelerar",correa floja o desgastada,"Identificar origen, tipo de ruido y momento en que aparece.","¿Suena al frenar, girar, acelerar o pasar un bache?",MEDIA_ALTA,"Frenos, suspension, direccion y motor",,,,SIN_CLASE_CANONICA,PENDIENTE_MECANICO,NO,NO,CANDIDATO_RAG_Y_REVISION,"Fallas comunes del auto: guia para diagnosticar sintomas, causas y que revisar",https://gemacar.com/blog/fallas-comunes-auto/,Ruidos al conducir,2026-09-02,NO_DECLARADA,88cb512affaf6573b6d81bb1a5e172192c0c1e9c761255bbba78c6ab591669d6,
GEM-0072,se escucha un ruido nuevo en el auto,"al frenar, pasar baches, rodar, girar o acelerar",bajo aceite o daño interno de motor,"Identificar origen, tipo de ruido y momento en que aparece.","¿Suena al frenar, girar, acelerar o pasar un bache?",MEDIA_ALTA,"Frenos, suspension, direccion y motor",MOTOR_004,Baja presion de aceite o bomba de aceite defectuosa,Motor,REQUIERE_REVISION_AMBIGUEDAD,PENDIENTE_MECANICO,NO,NO,CANDIDATO_RAG_Y_REVISION,"Fallas comunes del auto: guia para diagnosticar sintomas, causas y que revisar",https://gemacar.com/blog/fallas-comunes-auto/,Ruidos al conducir,2026-09-02,NO_DECLARADA,88cb512affaf6573b6d81bb1a5e172192c0c1e9c761255bbba78c6ab591669d6,
GEM-0073,se escucha un ruido nuevo en el auto,"al frenar, pasar baches, rodar, girar o acelerar","direccion, junta homocinetica o suspension","Identificar origen, tipo de ruido y momento en que aparece.","¿Suena al frenar, girar, acelerar o pasar un bache?",MEDIA_ALTA,"Frenos, suspension, direccion y motor",,,,REQUIERE_REVISION_AMBIGUEDAD,PENDIENTE_MECANICO,NO,NO,CANDIDATO_RAG_Y_REVISION,"Fallas comunes del auto: guia para diagnosticar sintomas, causas y que revisar",https://gemacar.com/blog/fallas-comunes-auto/,Ruidos al conducir,2026-09-02,NO_DECLARADA,88cb512affaf6573b6d81bb1a5e172192c0c1e9c761255bbba78c6ab591669d6,
GEM-0074,el auto vibra al manejar,a una velocidad determinada,neumaticos desbalanceados,"Revisar balanceo, alineacion, neumaticos y rines.","¿Vibra a cierta velocidad, al frenar o tambien detenido?",MEDIA,Suspension y rodaje,SUSPENSION_004,Llantas desbalanceadas o desalineadas,Suspensión y Dirección,MAPEO_PROPUESTO,PENDIENTE_MECANICO,NO,NO,CANDIDATO_RAG_Y_REVISION,"Fallas comunes del auto: guia para diagnosticar sintomas, causas y que revisar",https://gemacar.com/blog/fallas-comunes-auto/,Vibracion a velocidad,2026-09-02,NO_DECLARADA,88cb512affaf6573b6d81bb1a5e172192c0c1e9c761255bbba78c6ab591669d6,
GEM-0075,el auto vibra al manejar,a una velocidad determinada,rin doblado,"Revisar balanceo, alineacion, neumaticos y rines.","¿Vibra a cierta velocidad, al frenar o tambien detenido?",MEDIA,Suspension y rodaje,,,,SIN_CLASE_CANONICA,PENDIENTE_MECANICO,NO,NO,CANDIDATO_RAG_Y_REVISION,"Fallas comunes del auto: guia para diagnosticar sintomas, causas y que revisar",https://gemacar.com/blog/fallas-comunes-auto/,Vibracion a velocidad,2026-09-02,NO_DECLARADA,88cb512affaf6573b6d81bb1a5e172192c0c1e9c761255bbba78c6ab591669d6,
GEM-0076,el auto vibra al manejar,a una velocidad determinada,neumatico deformado,"Revisar balanceo, alineacion, neumaticos y rines.","¿Vibra a cierta velocidad, al frenar o tambien detenido?",MEDIA,Suspension y rodaje,SUSPENSION_004,Llantas desbalanceadas o desalineadas,Suspensión y Dirección,REQUIERE_REVISION_AMBIGUEDAD,PENDIENTE_MECANICO,NO,NO,CANDIDATO_RAG_Y_REVISION,"Fallas comunes del auto: guia para diagnosticar sintomas, causas y que revisar",https://gemacar.com/blog/fallas-comunes-auto/,Vibracion a velocidad,2026-09-02,NO_DECLARADA,88cb512affaf6573b6d81bb1a5e172192c0c1e9c761255bbba78c6ab591669d6,
GEM-0077,el auto vibra al manejar,a una velocidad determinada,falta de alineacion,"Revisar balanceo, alineacion, neumaticos y rines.","¿Vibra a cierta velocidad, al frenar o tambien detenido?",MEDIA,Suspension y rodaje,SUSPENSION_004,Llantas desbalanceadas o desalineadas,Suspensión y Dirección,MAPEO_PROPUESTO,PENDIENTE_MECANICO,NO,NO,CANDIDATO_RAG_Y_REVISION,"Fallas comunes del auto: guia para diagnosticar sintomas, causas y que revisar",https://gemacar.com/blog/fallas-comunes-auto/,Vibracion a velocidad,2026-09-02,NO_DECLARADA,88cb512affaf6573b6d81bb1a5e172192c0c1e9c761255bbba78c6ab591669d6,
GEM-0078,el auto o el pedal vibra al frenar,durante el frenado,discos de freno deformados,Inspeccionar discos y componentes del sistema de frenos.,¿La vibracion aparece solo al pisar el freno?,MEDIA_ALTA,Frenos,FRENO_003,Discos de freno alabeados o desgastados,Frenos,MAPEO_PROPUESTO,PENDIENTE_MECANICO,NO,NO,CANDIDATO_RAG_Y_REVISION,"Fallas comunes del auto: guia para diagnosticar sintomas, causas y que revisar",https://gemacar.com/blog/fallas-comunes-auto/,Vibracion al frenar,2026-09-02,NO_DECLARADA,88cb512affaf6573b6d81bb1a5e172192c0c1e9c761255bbba78c6ab591669d6,
GEM-0079,el motor vibra estando detenido,en minimo o ralenti,soporte de motor dañado,Revisar soportes y descartar falla de combustion.,¿Vibra detenido y cambia al acelerar?,MEDIA,Motor y soportes,,,,SIN_CLASE_CANONICA,PENDIENTE_MECANICO,NO,NO,CANDIDATO_RAG_Y_REVISION,"Fallas comunes del auto: guia para diagnosticar sintomas, causas y que revisar",https://gemacar.com/blog/fallas-comunes-auto/,Vibracion en minimo,2026-09-02,NO_DECLARADA,88cb512affaf6573b6d81bb1a5e172192c0c1e9c761255bbba78c6ab591669d6,
GEM-0080,el motor vibra estando detenido,en minimo o ralenti,falla de combustion,Revisar soportes y descartar falla de combustion.,¿Vibra detenido y cambia al acelerar?,MEDIA,Motor y soportes,MOTOR_001,Falla en bujias o bobinas de encendido (misfire),Motor,REQUIERE_REVISION_AMBIGUEDAD,PENDIENTE_MECANICO,NO,NO,CANDIDATO_RAG_Y_REVISION,"Fallas comunes del auto: guia para diagnosticar sintomas, causas y que revisar",https://gemacar.com/blog/fallas-comunes-auto/,Vibracion en minimo,2026-09-02,NO_DECLARADA,88cb512affaf6573b6d81bb1a5e172192c0c1e9c761255bbba78c6ab591669d6,
GEM-0081,el vehiculo vibra durante la marcha,al acelerar o cambiar de carga,junta homocinetica o palier desgastado,"Revisar ejes, juntas homocineticas y suspension.","¿Se siente en el volante, asiento o en todo el vehiculo?",MEDIA_ALTA,Suspension y transmision,SUSPENSION_002,Juntas homocineticas o palieres danados,Suspensión y Dirección,MAPEO_PROPUESTO,PENDIENTE_MECANICO,NO,NO,CANDIDATO_RAG_Y_REVISION,"Fallas comunes del auto: guia para diagnosticar sintomas, causas y que revisar",https://gemacar.com/blog/fallas-comunes-auto/,Vibracion en marcha,2026-09-02,NO_DECLARADA,88cb512affaf6573b6d81bb1a5e172192c0c1e9c761255bbba78c6ab591669d6,
GEM-0082,el vehiculo vibra durante la marcha,al acelerar o cambiar de carga,componente de suspension desgastado,"Revisar ejes, juntas homocineticas y suspension.","¿Se siente en el volante, asiento o en todo el vehiculo?",MEDIA_ALTA,Suspension y transmision,SUSPENSION_001,Amortiguadores reventados o bujes de suspension gastados,Suspensión y Dirección,MAPEO_PROPUESTO,PENDIENTE_MECANICO,NO,NO,CANDIDATO_RAG_Y_REVISION,"Fallas comunes del auto: guia para diagnosticar sintomas, causas y que revisar",https://gemacar.com/blog/fallas-comunes-auto/,Vibracion en marcha,2026-09-02,NO_DECLARADA,88cb512affaf6573b6d81bb1a5e172192c0c1e9c761255bbba78c6ab591669d6,
GEM-0083,hay una fuga de liquido debajo del auto,despues de estacionar,fuga de aceite de motor,"Identificar color, ubicacion y variacion del nivel.",¿De que color es el liquido y debajo de que zona aparece?,MEDIA_ALTA,"Motor, frenos, refrigeracion y transmision",,,,SIN_CLASE_CANONICA,PENDIENTE_MECANICO,NO,NO,CANDIDATO_RAG_Y_REVISION,"Fallas comunes del auto: guia para diagnosticar sintomas, causas y que revisar",https://gemacar.com/blog/fallas-comunes-auto/,Fuga de liquido,2026-09-02,NO_DECLARADA,88cb512affaf6573b6d81bb1a5e172192c0c1e9c761255bbba78c6ab591669d6,
GEM-0084,hay una fuga de liquido debajo del auto,despues de estacionar,fuga de refrigerante,"Identificar color, ubicacion y variacion del nivel.",¿De que color es el liquido y debajo de que zona aparece?,MEDIA_ALTA,"Motor, frenos, refrigeracion y transmision",REFRIGERACION_002,Fuga en mangueras de refrigerante o radiador picado,Refrigeración,MAPEO_PROPUESTO,PENDIENTE_MECANICO,NO,NO,CANDIDATO_RAG_Y_REVISION,"Fallas comunes del auto: guia para diagnosticar sintomas, causas y que revisar",https://gemacar.com/blog/fallas-comunes-auto/,Fuga de liquido,2026-09-02,NO_DECLARADA,88cb512affaf6573b6d81bb1a5e172192c0c1e9c761255bbba78c6ab591669d6,
GEM-0085,hay una fuga de liquido debajo del auto,despues de estacionar,fuga de fluido de transmision,"Identificar color, ubicacion y variacion del nivel.",¿De que color es el liquido y debajo de que zona aparece?,MEDIA_ALTA,"Motor, frenos, refrigeracion y transmision",TRANSMISION_003,Falta o degradacion de aceite de caja de cambios,Transmisión y Embrague,REQUIERE_REVISION_AMBIGUEDAD,PENDIENTE_MECANICO,NO,NO,CANDIDATO_RAG_Y_REVISION,"Fallas comunes del auto: guia para diagnosticar sintomas, causas y que revisar",https://gemacar.com/blog/fallas-comunes-auto/,Fuga de liquido,2026-09-02,NO_DECLARADA,88cb512affaf6573b6d81bb1a5e172192c0c1e9c761255bbba78c6ab591669d6,
GEM-0086,hay una fuga de liquido debajo del auto,despues de estacionar,agua limpia del aire acondicionado,"Identificar color, ubicacion y variacion del nivel.",¿De que color es el liquido y debajo de que zona aparece?,MEDIA_ALTA,"Motor, frenos, refrigeracion y transmision",,,,DESCARTAR_NO_FALLA,PENDIENTE_MECANICO,NO,NO,CANDIDATO_RAG_Y_REVISION,"Fallas comunes del auto: guia para diagnosticar sintomas, causas y que revisar",https://gemacar.com/blog/fallas-comunes-auto/,Fuga de liquido,2026-09-02,NO_DECLARADA,88cb512affaf6573b6d81bb1a5e172192c0c1e9c761255bbba78c6ab591669d6,
GEM-0087,hay una fuga de liquido debajo del auto,despues de estacionar,fuga de liquido de frenos,"Identificar color, ubicacion y variacion del nivel.",¿De que color es el liquido y debajo de que zona aparece?,MEDIA_ALTA,"Motor, frenos, refrigeracion y transmision",FRENO_002,Fuga hidraulica o aire en el sistema de frenos,Frenos,MAPEO_PROPUESTO,PENDIENTE_MECANICO,NO,NO,CANDIDATO_RAG_Y_REVISION,"Fallas comunes del auto: guia para diagnosticar sintomas, causas y que revisar",https://gemacar.com/blog/fallas-comunes-auto/,Fuga de liquido,2026-09-02,NO_DECLARADA,88cb512affaf6573b6d81bb1a5e172192c0c1e9c761255bbba78c6ab591669d6,
GEM-0088,"hay ruido, fallas o perdida de sincronizacion",cerca de la correa de distribucion,correa de distribucion desgastada o fuera de punto,"Comprobar historial, kilometraje y sincronizacion sin desmontar a ciegas.",¿La correa supero su intervalo o hay ruido en esa zona?,ALTA,Motor,MOTOR_005,Faja o cadena de distribucion destensada o con salto de punto,Motor,MAPEO_PROPUESTO,PENDIENTE_MECANICO,NO,NO,CANDIDATO_RAG_Y_REVISION,"Fallas comunes del auto: guia para diagnosticar sintomas, causas y que revisar",https://gemacar.com/blog/fallas-comunes-auto/,Distribucion,2026-09-02,NO_DECLARADA,88cb512affaf6573b6d81bb1a5e172192c0c1e9c761255bbba78c6ab591669d6,
GEM-0089,el motor pierde potencia,de forma general,filtro de aire sucio,"Leer codigos y revisar aire, encendido, combustible, escape y transmision.","¿Ocurre al acelerar, subir, en caliente o todo el tiempo?",MEDIA_ALTA,"Motor, combustible, escape y transmision",,,,SIN_CLASE_CANONICA,PENDIENTE_MECANICO,NO,NO,CANDIDATO_RAG_Y_REVISION,Perdida de potencia del motor: causas comunes y que revisar primero,https://gemacar.com/blog/perdida-de-potencia-del-motor/,Causas comunes de perdida de potencia,2026-09-02,NO_DECLARADA,da91396c7ac7fd5669b4b4ae809a0ebc8649d6197dcf91b104f669a7498fc4f1,
GEM-0090,el motor pierde potencia,de forma general,inyectores sucios,"Leer codigos y revisar aire, encendido, combustible, escape y transmision.","¿Ocurre al acelerar, subir, en caliente o todo el tiempo?",MEDIA_ALTA,"Motor, combustible, escape y transmision",COMBUSTIBLE_001,Inyectores sucios o filtro de combustible obstruido,Inyección de Combustible,MAPEO_PROPUESTO,PENDIENTE_MECANICO,NO,NO,CANDIDATO_RAG_Y_REVISION,Perdida de potencia del motor: causas comunes y que revisar primero,https://gemacar.com/blog/perdida-de-potencia-del-motor/,Causas comunes de perdida de potencia,2026-09-02,NO_DECLARADA,da91396c7ac7fd5669b4b4ae809a0ebc8649d6197dcf91b104f669a7498fc4f1,
GEM-0091,el motor pierde potencia,de forma general,cuerpo de aceleracion sucio,"Leer codigos y revisar aire, encendido, combustible, escape y transmision.","¿Ocurre al acelerar, subir, en caliente o todo el tiempo?",MEDIA_ALTA,"Motor, combustible, escape y transmision",COMBUSTIBLE_003,Cuerpo de aceleracion o valvula IAC sucia,Inyección de Combustible,MAPEO_PROPUESTO,PENDIENTE_MECANICO,NO,NO,CANDIDATO_RAG_Y_REVISION,Perdida de potencia del motor: causas comunes y que revisar primero,https://gemacar.com/blog/perdida-de-potencia-del-motor/,Causas comunes de perdida de potencia,2026-09-02,NO_DECLARADA,da91396c7ac7fd5669b4b4ae809a0ebc8649d6197dcf91b104f669a7498fc4f1,
GEM-0092,el motor pierde potencia,de forma general,sensor MAF o MAP defectuoso,"Leer codigos y revisar aire, encendido, combustible, escape y transmision.","¿Ocurre al acelerar, subir, en caliente o todo el tiempo?",MEDIA_ALTA,"Motor, combustible, escape y transmision",,,,SIN_CLASE_CANONICA,PENDIENTE_MECANICO,NO,NO,CANDIDATO_RAG_Y_REVISION,Perdida de potencia del motor: causas comunes y que revisar primero,https://gemacar.com/blog/perdida-de-potencia-del-motor/,Causas comunes de perdida de potencia,2026-09-02,NO_DECLARADA,da91396c7ac7fd5669b4b4ae809a0ebc8649d6197dcf91b104f669a7498fc4f1,
GEM-0093,el motor pierde potencia,de forma general,bujias gastadas,"Leer codigos y revisar aire, encendido, combustible, escape y transmision.","¿Ocurre al acelerar, subir, en caliente o todo el tiempo?",MEDIA_ALTA,"Motor, combustible, escape y transmision",MOTOR_001,Falla en bujias o bobinas de encendido (misfire),Motor,MAPEO_PROPUESTO,PENDIENTE_MECANICO,NO,NO,CANDIDATO_RAG_Y_REVISION,Perdida de potencia del motor: causas comunes y que revisar primero,https://gemacar.com/blog/perdida-de-potencia-del-motor/,Causas comunes de perdida de potencia,2026-09-02,NO_DECLARADA,da91396c7ac7fd5669b4b4ae809a0ebc8649d6197dcf91b104f669a7498fc4f1,
GEM-0094,el motor pierde potencia,de forma general,bobinas defectuosas,"Leer codigos y revisar aire, encendido, combustible, escape y transmision.","¿Ocurre al acelerar, subir, en caliente o todo el tiempo?",MEDIA_ALTA,"Motor, combustible, escape y transmision",MOTOR_001,Falla en bujias o bobinas de encendido (misfire),Motor,MAPEO_PROPUESTO,PENDIENTE_MECANICO,NO,NO,CANDIDATO_RAG_Y_REVISION,Perdida de potencia del motor: causas comunes y que revisar primero,https://gemacar.com/blog/perdida-de-potencia-del-motor/,Causas comunes de perdida de potencia,2026-09-02,NO_DECLARADA,da91396c7ac7fd5669b4b4ae809a0ebc8649d6197dcf91b104f669a7498fc4f1,
GEM-0095,el motor pierde potencia,de forma general,bomba de gasolina debil,"Leer codigos y revisar aire, encendido, combustible, escape y transmision.","¿Ocurre al acelerar, subir, en caliente o todo el tiempo?",MEDIA_ALTA,"Motor, combustible, escape y transmision",COMBUSTIBLE_002,Bomba de gasolina quemada o con baja presion,Inyección de Combustible,MAPEO_PROPUESTO,PENDIENTE_MECANICO,NO,NO,CANDIDATO_RAG_Y_REVISION,Perdida de potencia del motor: causas comunes y que revisar primero,https://gemacar.com/blog/perdida-de-potencia-del-motor/,Causas comunes de perdida de potencia,2026-09-02,NO_DECLARADA,da91396c7ac7fd5669b4b4ae809a0ebc8649d6197dcf91b104f669a7498fc4f1,
GEM-0096,el motor pierde potencia,de forma general,filtro de combustible obstruido,"Leer codigos y revisar aire, encendido, combustible, escape y transmision.","¿Ocurre al acelerar, subir, en caliente o todo el tiempo?",MEDIA_ALTA,"Motor, combustible, escape y transmision",COMBUSTIBLE_001,Inyectores sucios o filtro de combustible obstruido,Inyección de Combustible,MAPEO_PROPUESTO,PENDIENTE_MECANICO,NO,NO,CANDIDATO_RAG_Y_REVISION,Perdida de potencia del motor: causas comunes y que revisar primero,https://gemacar.com/blog/perdida-de-potencia-del-motor/,Causas comunes de perdida de potencia,2026-09-02,NO_DECLARADA,da91396c7ac7fd5669b4b4ae809a0ebc8649d6197dcf91b104f669a7498fc4f1,
GEM-0097,el motor pierde potencia,de forma general,catalizador obstruido,"Leer codigos y revisar aire, encendido, combustible, escape y transmision.","¿Ocurre al acelerar, subir, en caliente o todo el tiempo?",MEDIA_ALTA,"Motor, combustible, escape y transmision",,,,SIN_CLASE_CANONICA,PENDIENTE_MECANICO,NO,NO,CANDIDATO_RAG_Y_REVISION,Perdida de potencia del motor: causas comunes y que revisar primero,https://gemacar.com/blog/perdida-de-potencia-del-motor/,Causas comunes de perdida de potencia,2026-09-02,NO_DECLARADA,da91396c7ac7fd5669b4b4ae809a0ebc8649d6197dcf91b104f669a7498fc4f1,
GEM-0098,el motor pierde potencia,de forma general,sensor de oxigeno defectuoso,"Leer codigos y revisar aire, encendido, combustible, escape y transmision.","¿Ocurre al acelerar, subir, en caliente o todo el tiempo?",MEDIA_ALTA,"Motor, combustible, escape y transmision",COMBUSTIBLE_004,Falla en sensor de oxigeno o mezcla rica,Inyección de Combustible,MAPEO_PROPUESTO,PENDIENTE_MECANICO,NO,NO,CANDIDATO_RAG_Y_REVISION,Perdida de potencia del motor: causas comunes y que revisar primero,https://gemacar.com/blog/perdida-de-potencia-del-motor/,Causas comunes de perdida de potencia,2026-09-02,NO_DECLARADA,da91396c7ac7fd5669b4b4ae809a0ebc8649d6197dcf91b104f669a7498fc4f1,
GEM-0099,el motor pierde potencia,de forma general,fuga de vacio,"Leer codigos y revisar aire, encendido, combustible, escape y transmision.","¿Ocurre al acelerar, subir, en caliente o todo el tiempo?",MEDIA_ALTA,"Motor, combustible, escape y transmision",,,,SIN_CLASE_CANONICA,PENDIENTE_MECANICO,NO,NO,CANDIDATO_RAG_Y_REVISION,Perdida de potencia del motor: causas comunes y que revisar primero,https://gemacar.com/blog/perdida-de-potencia-del-motor/,Causas comunes de perdida de potencia,2026-09-02,NO_DECLARADA,da91396c7ac7fd5669b4b4ae809a0ebc8649d6197dcf91b104f669a7498fc4f1,
GEM-0100,el motor pierde potencia,de forma general,problema de transmision,"Leer codigos y revisar aire, encendido, combustible, escape y transmision.","¿Ocurre al acelerar, subir, en caliente o todo el tiempo?",MEDIA_ALTA,"Motor, combustible, escape y transmision",,,,REQUIERE_REVISION_AMBIGUEDAD,PENDIENTE_MECANICO,NO,NO,CANDIDATO_RAG_Y_REVISION,Perdida de potencia del motor: causas comunes y que revisar primero,https://gemacar.com/blog/perdida-de-potencia-del-motor/,Causas comunes de perdida de potencia,2026-09-02,NO_DECLARADA,da91396c7ac7fd5669b4b4ae809a0ebc8649d6197dcf91b104f669a7498fc4f1,
GEM-0101,el motor pierde potencia,de forma general,bajo voltaje o falla electrica,"Leer codigos y revisar aire, encendido, combustible, escape y transmision.","¿Ocurre al acelerar, subir, en caliente o todo el tiempo?",MEDIA_ALTA,"Motor, combustible, escape y transmision",,,,REQUIERE_REVISION_AMBIGUEDAD,PENDIENTE_MECANICO,NO,NO,CANDIDATO_RAG_Y_REVISION,Perdida de potencia del motor: causas comunes y que revisar primero,https://gemacar.com/blog/perdida-de-potencia-del-motor/,Causas comunes de perdida de potencia,2026-09-02,NO_DECLARADA,da91396c7ac7fd5669b4b4ae809a0ebc8649d6197dcf91b104f669a7498fc4f1,
GEM-0102,el motor pierde potencia,de forma general,motor sobrecalentado,"Leer codigos y revisar aire, encendido, combustible, escape y transmision.","¿Ocurre al acelerar, subir, en caliente o todo el tiempo?",MEDIA_ALTA,"Motor, combustible, escape y transmision",,,,REQUIERE_REVISION_AMBIGUEDAD,PENDIENTE_MECANICO,NO,NO,CANDIDATO_RAG_Y_REVISION,Perdida de potencia del motor: causas comunes y que revisar primero,https://gemacar.com/blog/perdida-de-potencia-del-motor/,Causas comunes de perdida de potencia,2026-09-02,NO_DECLARADA,da91396c7ac7fd5669b4b4ae809a0ebc8649d6197dcf91b104f669a7498fc4f1,
GEM-0103,el auto pierde potencia al acelerar,al pisar el acelerador,filtro de aire sucio,"Revisar admision, encendido, combustible, escape y entrega de transmision.","¿Da tirones, suben las revoluciones o se ahoga?",MEDIA_ALTA,"Motor, combustible y transmision",,,,SIN_CLASE_CANONICA,PENDIENTE_MECANICO,NO,NO,CANDIDATO_RAG_Y_REVISION,Perdida de potencia del motor: causas comunes y que revisar primero,https://gemacar.com/blog/perdida-de-potencia-del-motor/,Perdida de potencia al acelerar,2026-09-02,NO_DECLARADA,da91396c7ac7fd5669b4b4ae809a0ebc8649d6197dcf91b104f669a7498fc4f1,
GEM-0104,el auto pierde potencia al acelerar,al pisar el acelerador,sensor MAF o MAP defectuoso,"Revisar admision, encendido, combustible, escape y entrega de transmision.","¿Da tirones, suben las revoluciones o se ahoga?",MEDIA_ALTA,"Motor, combustible y transmision",,,,SIN_CLASE_CANONICA,PENDIENTE_MECANICO,NO,NO,CANDIDATO_RAG_Y_REVISION,Perdida de potencia del motor: causas comunes y que revisar primero,https://gemacar.com/blog/perdida-de-potencia-del-motor/,Perdida de potencia al acelerar,2026-09-02,NO_DECLARADA,da91396c7ac7fd5669b4b4ae809a0ebc8649d6197dcf91b104f669a7498fc4f1,
GEM-0105,el auto pierde potencia al acelerar,al pisar el acelerador,bujias gastadas,"Revisar admision, encendido, combustible, escape y entrega de transmision.","¿Da tirones, suben las revoluciones o se ahoga?",MEDIA_ALTA,"Motor, combustible y transmision",MOTOR_001,Falla en bujias o bobinas de encendido (misfire),Motor,MAPEO_PROPUESTO,PENDIENTE_MECANICO,NO,NO,CANDIDATO_RAG_Y_REVISION,Perdida de potencia del motor: causas comunes y que revisar primero,https://gemacar.com/blog/perdida-de-potencia-del-motor/,Perdida de potencia al acelerar,2026-09-02,NO_DECLARADA,da91396c7ac7fd5669b4b4ae809a0ebc8649d6197dcf91b104f669a7498fc4f1,
GEM-0106,el auto pierde potencia al acelerar,al pisar el acelerador,bobinas defectuosas,"Revisar admision, encendido, combustible, escape y entrega de transmision.","¿Da tirones, suben las revoluciones o se ahoga?",MEDIA_ALTA,"Motor, combustible y transmision",MOTOR_001,Falla en bujias o bobinas de encendido (misfire),Motor,MAPEO_PROPUESTO,PENDIENTE_MECANICO,NO,NO,CANDIDATO_RAG_Y_REVISION,Perdida de potencia del motor: causas comunes y que revisar primero,https://gemacar.com/blog/perdida-de-potencia-del-motor/,Perdida de potencia al acelerar,2026-09-02,NO_DECLARADA,da91396c7ac7fd5669b4b4ae809a0ebc8649d6197dcf91b104f669a7498fc4f1,
GEM-0107,el auto pierde potencia al acelerar,al pisar el acelerador,inyectores sucios,"Revisar admision, encendido, combustible, escape y entrega de transmision.","¿Da tirones, suben las revoluciones o se ahoga?",MEDIA_ALTA,"Motor, combustible y transmision",COMBUSTIBLE_001,Inyectores sucios o filtro de combustible obstruido,Inyección de Combustible,MAPEO_PROPUESTO,PENDIENTE_MECANICO,NO,NO,CANDIDATO_RAG_Y_REVISION,Perdida de potencia del motor: causas comunes y que revisar primero,https://gemacar.com/blog/perdida-de-potencia-del-motor/,Perdida de potencia al acelerar,2026-09-02,NO_DECLARADA,da91396c7ac7fd5669b4b4ae809a0ebc8649d6197dcf91b104f669a7498fc4f1,
GEM-0108,el auto pierde potencia al acelerar,al pisar el acelerador,presion de combustible insuficiente,"Revisar admision, encendido, combustible, escape y entrega de transmision.","¿Da tirones, suben las revoluciones o se ahoga?",MEDIA_ALTA,"Motor, combustible y transmision",COMBUSTIBLE_002,Bomba de gasolina quemada o con baja presion,Inyección de Combustible,REQUIERE_REVISION_AMBIGUEDAD,PENDIENTE_MECANICO,NO,NO,CANDIDATO_RAG_Y_REVISION,Perdida de potencia del motor: causas comunes y que revisar primero,https://gemacar.com/blog/perdida-de-potencia-del-motor/,Perdida de potencia al acelerar,2026-09-02,NO_DECLARADA,da91396c7ac7fd5669b4b4ae809a0ebc8649d6197dcf91b104f669a7498fc4f1,
GEM-0109,el auto pierde potencia al acelerar,al pisar el acelerador,cuerpo de aceleracion sucio,"Revisar admision, encendido, combustible, escape y entrega de transmision.","¿Da tirones, suben las revoluciones o se ahoga?",MEDIA_ALTA,"Motor, combustible y transmision",COMBUSTIBLE_003,Cuerpo de aceleracion o valvula IAC sucia,Inyección de Combustible,MAPEO_PROPUESTO,PENDIENTE_MECANICO,NO,NO,CANDIDATO_RAG_Y_REVISION,Perdida de potencia del motor: causas comunes y que revisar primero,https://gemacar.com/blog/perdida-de-potencia-del-motor/,Perdida de potencia al acelerar,2026-09-02,NO_DECLARADA,da91396c7ac7fd5669b4b4ae809a0ebc8649d6197dcf91b104f669a7498fc4f1,
GEM-0110,el auto pierde potencia al acelerar,al pisar el acelerador,catalizador obstruido,"Revisar admision, encendido, combustible, escape y entrega de transmision.","¿Da tirones, suben las revoluciones o se ahoga?",MEDIA_ALTA,"Motor, combustible y transmision",,,,SIN_CLASE_CANONICA,PENDIENTE_MECANICO,NO,NO,CANDIDATO_RAG_Y_REVISION,Perdida de potencia del motor: causas comunes y que revisar primero,https://gemacar.com/blog/perdida-de-potencia-del-motor/,Perdida de potencia al acelerar,2026-09-02,NO_DECLARADA,da91396c7ac7fd5669b4b4ae809a0ebc8649d6197dcf91b104f669a7498fc4f1,
GEM-0111,el auto pierde potencia al acelerar,al pisar el acelerador,problema de transmision,"Revisar admision, encendido, combustible, escape y entrega de transmision.","¿Da tirones, suben las revoluciones o se ahoga?",MEDIA_ALTA,"Motor, combustible y transmision",,,,REQUIERE_REVISION_AMBIGUEDAD,PENDIENTE_MECANICO,NO,NO,CANDIDATO_RAG_Y_REVISION,Perdida de potencia del motor: causas comunes y que revisar primero,https://gemacar.com/blog/perdida-de-potencia-del-motor/,Perdida de potencia al acelerar,2026-09-02,NO_DECLARADA,da91396c7ac7fd5669b4b4ae809a0ebc8649d6197dcf91b104f669a7498fc4f1,
GEM-0112,el auto pierde fuerza en subidas,bajo carga o en pendientes,bomba de gasolina debil,"Medir combustible y revisar encendido, escape, transmision y compresion.",¿Falla solo en subida o tambien al acelerar en plano?,MEDIA_ALTA,"Motor, combustible y transmision",COMBUSTIBLE_002,Bomba de gasolina quemada o con baja presion,Inyección de Combustible,MAPEO_PROPUESTO,PENDIENTE_MECANICO,NO,NO,CANDIDATO_RAG_Y_REVISION,Perdida de potencia del motor: causas comunes y que revisar primero,https://gemacar.com/blog/perdida-de-potencia-del-motor/,Perdida de potencia en subida,2026-09-02,NO_DECLARADA,da91396c7ac7fd5669b4b4ae809a0ebc8649d6197dcf91b104f669a7498fc4f1,
GEM-0113,el auto pierde fuerza en subidas,bajo carga o en pendientes,filtro de combustible obstruido,"Medir combustible y revisar encendido, escape, transmision y compresion.",¿Falla solo en subida o tambien al acelerar en plano?,MEDIA_ALTA,"Motor, combustible y transmision",COMBUSTIBLE_001,Inyectores sucios o filtro de combustible obstruido,Inyección de Combustible,MAPEO_PROPUESTO,PENDIENTE_MECANICO,NO,NO,CANDIDATO_RAG_Y_REVISION,Perdida de potencia del motor: causas comunes y que revisar primero,https://gemacar.com/blog/perdida-de-potencia-del-motor/,Perdida de potencia en subida,2026-09-02,NO_DECLARADA,da91396c7ac7fd5669b4b4ae809a0ebc8649d6197dcf91b104f669a7498fc4f1,
GEM-0114,el auto pierde fuerza en subidas,bajo carga o en pendientes,catalizador obstruido,"Medir combustible y revisar encendido, escape, transmision y compresion.",¿Falla solo en subida o tambien al acelerar en plano?,MEDIA_ALTA,"Motor, combustible y transmision",,,,SIN_CLASE_CANONICA,PENDIENTE_MECANICO,NO,NO,CANDIDATO_RAG_Y_REVISION,Perdida de potencia del motor: causas comunes y que revisar primero,https://gemacar.com/blog/perdida-de-potencia-del-motor/,Perdida de potencia en subida,2026-09-02,NO_DECLARADA,da91396c7ac7fd5669b4b4ae809a0ebc8649d6197dcf91b104f669a7498fc4f1,
GEM-0115,el auto pierde fuerza en subidas,bajo carga o en pendientes,bujias o bobinas defectuosas,"Medir combustible y revisar encendido, escape, transmision y compresion.",¿Falla solo en subida o tambien al acelerar en plano?,MEDIA_ALTA,"Motor, combustible y transmision",MOTOR_001,Falla en bujias o bobinas de encendido (misfire),Motor,MAPEO_PROPUESTO,PENDIENTE_MECANICO,NO,NO,CANDIDATO_RAG_Y_REVISION,Perdida de potencia del motor: causas comunes y que revisar primero,https://gemacar.com/blog/perdida-de-potencia-del-motor/,Perdida de potencia en subida,2026-09-02,NO_DECLARADA,da91396c7ac7fd5669b4b4ae809a0ebc8649d6197dcf91b104f669a7498fc4f1,
GEM-0116,el auto pierde fuerza en subidas,bajo carga o en pendientes,inyectores sucios,"Medir combustible y revisar encendido, escape, transmision y compresion.",¿Falla solo en subida o tambien al acelerar en plano?,MEDIA_ALTA,"Motor, combustible y transmision",COMBUSTIBLE_001,Inyectores sucios o filtro de combustible obstruido,Inyección de Combustible,MAPEO_PROPUESTO,PENDIENTE_MECANICO,NO,NO,CANDIDATO_RAG_Y_REVISION,Perdida de potencia del motor: causas comunes y que revisar primero,https://gemacar.com/blog/perdida-de-potencia-del-motor/,Perdida de potencia en subida,2026-09-02,NO_DECLARADA,da91396c7ac7fd5669b4b4ae809a0ebc8649d6197dcf91b104f669a7498fc4f1,
GEM-0117,el auto pierde fuerza en subidas,bajo carga o en pendientes,problema de transmision,"Medir combustible y revisar encendido, escape, transmision y compresion.",¿Falla solo en subida o tambien al acelerar en plano?,MEDIA_ALTA,"Motor, combustible y transmision",,,,REQUIERE_REVISION_AMBIGUEDAD,PENDIENTE_MECANICO,NO,NO,CANDIDATO_RAG_Y_REVISION,Perdida de potencia del motor: causas comunes y que revisar primero,https://gemacar.com/blog/perdida-de-potencia-del-motor/,Perdida de potencia en subida,2026-09-02,NO_DECLARADA,da91396c7ac7fd5669b4b4ae809a0ebc8649d6197dcf91b104f669a7498fc4f1,
GEM-0118,el auto pierde fuerza en subidas,bajo carga o en pendientes,baja compresion del motor,"Medir combustible y revisar encendido, escape, transmision y compresion.",¿Falla solo en subida o tambien al acelerar en plano?,MEDIA_ALTA,"Motor, combustible y transmision",,,,SIN_CLASE_CANONICA,PENDIENTE_MECANICO,NO,NO,CANDIDATO_RAG_Y_REVISION,Perdida de potencia del motor: causas comunes y que revisar primero,https://gemacar.com/blog/perdida-de-potencia-del-motor/,Perdida de potencia en subida,2026-09-02,NO_DECLARADA,da91396c7ac7fd5669b4b4ae809a0ebc8649d6197dcf91b104f669a7498fc4f1,
GEM-0119,el auto pierde potencia y bota humo negro,al acelerar o bajo carga,inyectores goteando,"Revisar mezcla, admision, encendido, inyeccion y escape.",¿El humo aparece al acelerar y aumento el consumo?,ALTA,"Combustible, motor y escape",COMBUSTIBLE_001,Inyectores sucios o filtro de combustible obstruido,Inyección de Combustible,REQUIERE_REVISION_AMBIGUEDAD,PENDIENTE_MECANICO,NO,NO,CANDIDATO_RAG_Y_REVISION,Perdida de potencia del motor: causas comunes y que revisar primero,https://gemacar.com/blog/perdida-de-potencia-del-motor/,Perdida de potencia con humo negro,2026-09-02,NO_DECLARADA,da91396c7ac7fd5669b4b4ae809a0ebc8649d6197dcf91b104f669a7498fc4f1,
GEM-0120,el auto pierde potencia y bota humo negro,al acelerar o bajo carga,sensor MAF o MAP defectuoso,"Revisar mezcla, admision, encendido, inyeccion y escape.",¿El humo aparece al acelerar y aumento el consumo?,ALTA,"Combustible, motor y escape",,,,SIN_CLASE_CANONICA,PENDIENTE_MECANICO,NO,NO,CANDIDATO_RAG_Y_REVISION,Perdida de potencia del motor: causas comunes y que revisar primero,https://gemacar.com/blog/perdida-de-potencia-del-motor/,Perdida de potencia con humo negro,2026-09-02,NO_DECLARADA,da91396c7ac7fd5669b4b4ae809a0ebc8649d6197dcf91b104f669a7498fc4f1,
GEM-0121,el auto pierde potencia y bota humo negro,al acelerar o bajo carga,sensor de oxigeno defectuoso,"Revisar mezcla, admision, encendido, inyeccion y escape.",¿El humo aparece al acelerar y aumento el consumo?,ALTA,"Combustible, motor y escape",COMBUSTIBLE_004,Falla en sensor de oxigeno o mezcla rica,Inyección de Combustible,MAPEO_PROPUESTO,PENDIENTE_MECANICO,NO,NO,CANDIDATO_RAG_Y_REVISION,Perdida de potencia del motor: causas comunes y que revisar primero,https://gemacar.com/blog/perdida-de-potencia-del-motor/,Perdida de potencia con humo negro,2026-09-02,NO_DECLARADA,da91396c7ac7fd5669b4b4ae809a0ebc8649d6197dcf91b104f669a7498fc4f1,
GEM-0122,el auto pierde potencia y bota humo negro,al acelerar o bajo carga,filtro de aire muy sucio,"Revisar mezcla, admision, encendido, inyeccion y escape.",¿El humo aparece al acelerar y aumento el consumo?,ALTA,"Combustible, motor y escape",,,,SIN_CLASE_CANONICA,PENDIENTE_MECANICO,NO,NO,CANDIDATO_RAG_Y_REVISION,Perdida de potencia del motor: causas comunes y que revisar primero,https://gemacar.com/blog/perdida-de-potencia-del-motor/,Perdida de potencia con humo negro,2026-09-02,NO_DECLARADA,da91396c7ac7fd5669b4b4ae809a0ebc8649d6197dcf91b104f669a7498fc4f1,
GEM-0123,el auto pierde potencia y bota humo negro,al acelerar o bajo carga,bujias defectuosas,"Revisar mezcla, admision, encendido, inyeccion y escape.",¿El humo aparece al acelerar y aumento el consumo?,ALTA,"Combustible, motor y escape",MOTOR_001,Falla en bujias o bobinas de encendido (misfire),Motor,MAPEO_PROPUESTO,PENDIENTE_MECANICO,NO,NO,CANDIDATO_RAG_Y_REVISION,Perdida de potencia del motor: causas comunes y que revisar primero,https://gemacar.com/blog/perdida-de-potencia-del-motor/,Perdida de potencia con humo negro,2026-09-02,NO_DECLARADA,da91396c7ac7fd5669b4b4ae809a0ebc8649d6197dcf91b104f669a7498fc4f1,
GEM-0124,el auto pierde potencia y bota humo negro,al acelerar o bajo carga,bobinas defectuosas,"Revisar mezcla, admision, encendido, inyeccion y escape.",¿El humo aparece al acelerar y aumento el consumo?,ALTA,"Combustible, motor y escape",MOTOR_001,Falla en bujias o bobinas de encendido (misfire),Motor,MAPEO_PROPUESTO,PENDIENTE_MECANICO,NO,NO,CANDIDATO_RAG_Y_REVISION,Perdida de potencia del motor: causas comunes y que revisar primero,https://gemacar.com/blog/perdida-de-potencia-del-motor/,Perdida de potencia con humo negro,2026-09-02,NO_DECLARADA,da91396c7ac7fd5669b4b4ae809a0ebc8649d6197dcf91b104f669a7498fc4f1,
GEM-0125,el auto pierde potencia y bota humo negro,al acelerar o bajo carga,mezcla rica,"Revisar mezcla, admision, encendido, inyeccion y escape.",¿El humo aparece al acelerar y aumento el consumo?,ALTA,"Combustible, motor y escape",COMBUSTIBLE_004,Falla en sensor de oxigeno o mezcla rica,Inyección de Combustible,MAPEO_PROPUESTO,PENDIENTE_MECANICO,NO,NO,CANDIDATO_RAG_Y_REVISION,Perdida de potencia del motor: causas comunes y que revisar primero,https://gemacar.com/blog/perdida-de-potencia-del-motor/,Perdida de potencia con humo negro,2026-09-02,NO_DECLARADA,da91396c7ac7fd5669b4b4ae809a0ebc8649d6197dcf91b104f669a7498fc4f1,
GEM-0126,el auto pierde potencia y bota humo negro,al acelerar o bajo carga,catalizador afectado,"Revisar mezcla, admision, encendido, inyeccion y escape.",¿El humo aparece al acelerar y aumento el consumo?,ALTA,"Combustible, motor y escape",,,,SIN_CLASE_CANONICA,PENDIENTE_MECANICO,NO,NO,CANDIDATO_RAG_Y_REVISION,Perdida de potencia del motor: causas comunes y que revisar primero,https://gemacar.com/blog/perdida-de-potencia-del-motor/,Perdida de potencia con humo negro,2026-09-02,NO_DECLARADA,da91396c7ac7fd5669b4b4ae809a0ebc8649d6197dcf91b104f669a7498fc4f1,
GEM-0127,el auto pierde potencia y consume mas combustible,en uso habitual,bujias gastadas,"Revisar encendido, inyeccion, admision, sensores, escape y frenos.","¿Tambien hay tirones, humo negro o check engine?",MEDIA_ALTA,"Combustible, motor, escape y frenos",MOTOR_001,Falla en bujias o bobinas de encendido (misfire),Motor,MAPEO_PROPUESTO,PENDIENTE_MECANICO,NO,NO,CANDIDATO_RAG_Y_REVISION,Perdida de potencia del motor: causas comunes y que revisar primero,https://gemacar.com/blog/perdida-de-potencia-del-motor/,Perdida de potencia y consumo alto,2026-09-02,NO_DECLARADA,da91396c7ac7fd5669b4b4ae809a0ebc8649d6197dcf91b104f669a7498fc4f1,
GEM-0128,el auto pierde potencia y consume mas combustible,en uso habitual,inyectores sucios,"Revisar encendido, inyeccion, admision, sensores, escape y frenos.","¿Tambien hay tirones, humo negro o check engine?",MEDIA_ALTA,"Combustible, motor, escape y frenos",COMBUSTIBLE_001,Inyectores sucios o filtro de combustible obstruido,Inyección de Combustible,MAPEO_PROPUESTO,PENDIENTE_MECANICO,NO,NO,CANDIDATO_RAG_Y_REVISION,Perdida de potencia del motor: causas comunes y que revisar primero,https://gemacar.com/blog/perdida-de-potencia-del-motor/,Perdida de potencia y consumo alto,2026-09-02,NO_DECLARADA,da91396c7ac7fd5669b4b4ae809a0ebc8649d6197dcf91b104f669a7498fc4f1,
GEM-0129,el auto pierde potencia y consume mas combustible,en uso habitual,filtro de aire sucio,"Revisar encendido, inyeccion, admision, sensores, escape y frenos.","¿Tambien hay tirones, humo negro o check engine?",MEDIA_ALTA,"Combustible, motor, escape y frenos",,,,SIN_CLASE_CANONICA,PENDIENTE_MECANICO,NO,NO,CANDIDATO_RAG_Y_REVISION,Perdida de potencia del motor: causas comunes y que revisar primero,https://gemacar.com/blog/perdida-de-potencia-del-motor/,Perdida de potencia y consumo alto,2026-09-02,NO_DECLARADA,da91396c7ac7fd5669b4b4ae809a0ebc8649d6197dcf91b104f669a7498fc4f1,
GEM-0130,el auto pierde potencia y consume mas combustible,en uso habitual,sensor de oxigeno defectuoso,"Revisar encendido, inyeccion, admision, sensores, escape y frenos.","¿Tambien hay tirones, humo negro o check engine?",MEDIA_ALTA,"Combustible, motor, escape y frenos",COMBUSTIBLE_004,Falla en sensor de oxigeno o mezcla rica,Inyección de Combustible,MAPEO_PROPUESTO,PENDIENTE_MECANICO,NO,NO,CANDIDATO_RAG_Y_REVISION,Perdida de potencia del motor: causas comunes y que revisar primero,https://gemacar.com/blog/perdida-de-potencia-del-motor/,Perdida de potencia y consumo alto,2026-09-02,NO_DECLARADA,da91396c7ac7fd5669b4b4ae809a0ebc8649d6197dcf91b104f669a7498fc4f1,
GEM-0131,el auto pierde potencia y consume mas combustible,en uso habitual,sensor MAF o MAP defectuoso,"Revisar encendido, inyeccion, admision, sensores, escape y frenos.","¿Tambien hay tirones, humo negro o check engine?",MEDIA_ALTA,"Combustible, motor, escape y frenos",,,,SIN_CLASE_CANONICA,PENDIENTE_MECANICO,NO,NO,CANDIDATO_RAG_Y_REVISION,Perdida de potencia del motor: causas comunes y que revisar primero,https://gemacar.com/blog/perdida-de-potencia-del-motor/,Perdida de potencia y consumo alto,2026-09-02,NO_DECLARADA,da91396c7ac7fd5669b4b4ae809a0ebc8649d6197dcf91b104f669a7498fc4f1,
GEM-0132,el auto pierde potencia y consume mas combustible,en uso habitual,cuerpo de aceleracion sucio,"Revisar encendido, inyeccion, admision, sensores, escape y frenos.","¿Tambien hay tirones, humo negro o check engine?",MEDIA_ALTA,"Combustible, motor, escape y frenos",COMBUSTIBLE_003,Cuerpo de aceleracion o valvula IAC sucia,Inyección de Combustible,MAPEO_PROPUESTO,PENDIENTE_MECANICO,NO,NO,CANDIDATO_RAG_Y_REVISION,Perdida de potencia del motor: causas comunes y que revisar primero,https://gemacar.com/blog/perdida-de-potencia-del-motor/,Perdida de potencia y consumo alto,2026-09-02,NO_DECLARADA,da91396c7ac7fd5669b4b4ae809a0ebc8649d6197dcf91b104f669a7498fc4f1,
GEM-0133,el auto pierde potencia y consume mas combustible,en uso habitual,catalizador obstruido,"Revisar encendido, inyeccion, admision, sensores, escape y frenos.","¿Tambien hay tirones, humo negro o check engine?",MEDIA_ALTA,"Combustible, motor, escape y frenos",,,,SIN_CLASE_CANONICA,PENDIENTE_MECANICO,NO,NO,CANDIDATO_RAG_Y_REVISION,Perdida de potencia del motor: causas comunes y que revisar primero,https://gemacar.com/blog/perdida-de-potencia-del-motor/,Perdida de potencia y consumo alto,2026-09-02,NO_DECLARADA,da91396c7ac7fd5669b4b4ae809a0ebc8649d6197dcf91b104f669a7498fc4f1,
GEM-0134,el auto pierde potencia y consume mas combustible,en uso habitual,frenos pegados,"Revisar encendido, inyeccion, admision, sensores, escape y frenos.","¿Tambien hay tirones, humo negro o check engine?",MEDIA_ALTA,"Combustible, motor, escape y frenos",,,,SIN_CLASE_CANONICA,PENDIENTE_MECANICO,NO,NO,CANDIDATO_RAG_Y_REVISION,Perdida de potencia del motor: causas comunes y que revisar primero,https://gemacar.com/blog/perdida-de-potencia-del-motor/,Perdida de potencia y consumo alto,2026-09-02,NO_DECLARADA,da91396c7ac7fd5669b4b4ae809a0ebc8649d6197dcf91b104f669a7498fc4f1,
GEM-0135,el auto pierde potencia y consume mas combustible,en uso habitual,"trafico, clima o habito de manejo","Revisar encendido, inyeccion, admision, sensores, escape y frenos.","¿Tambien hay tirones, humo negro o check engine?",MEDIA_ALTA,"Combustible, motor, escape y frenos",,,,REQUIERE_DESCARTE,PENDIENTE_MECANICO,NO,NO,CANDIDATO_RAG_Y_REVISION,Perdida de potencia del motor: causas comunes y que revisar primero,https://gemacar.com/blog/perdida-de-potencia-del-motor/,Perdida de potencia y consumo alto,2026-09-02,NO_DECLARADA,da91396c7ac7fd5669b4b4ae809a0ebc8649d6197dcf91b104f669a7498fc4f1,
GEM-0136,el auto pierde potencia sin encender check engine,sin luces de averia,filtro de aire sucio,Revisar elementos mecanicos y mantenimiento aunque no existan codigos.,"¿Ocurre siempre, a cierta velocidad o solo bajo carga?",MEDIA,"Motor, rodaje, frenos y transmision",,,,SIN_CLASE_CANONICA,PENDIENTE_MECANICO,NO,NO,CANDIDATO_RAG_Y_REVISION,Perdida de potencia del motor: causas comunes y que revisar primero,https://gemacar.com/blog/perdida-de-potencia-del-motor/,Perdida de potencia sin check engine,2026-09-02,NO_DECLARADA,da91396c7ac7fd5669b4b4ae809a0ebc8649d6197dcf91b104f669a7498fc4f1,
GEM-0137,el auto pierde potencia sin encender check engine,sin luces de averia,presion baja de neumaticos,Revisar elementos mecanicos y mantenimiento aunque no existan codigos.,"¿Ocurre siempre, a cierta velocidad o solo bajo carga?",MEDIA,"Motor, rodaje, frenos y transmision",,,,REQUIERE_DESCARTE,PENDIENTE_MECANICO,NO,NO,CANDIDATO_RAG_Y_REVISION,Perdida de potencia del motor: causas comunes y que revisar primero,https://gemacar.com/blog/perdida-de-potencia-del-motor/,Perdida de potencia sin check engine,2026-09-02,NO_DECLARADA,da91396c7ac7fd5669b4b4ae809a0ebc8649d6197dcf91b104f669a7498fc4f1,
GEM-0138,el auto pierde potencia sin encender check engine,sin luces de averia,mantenimiento atrasado,Revisar elementos mecanicos y mantenimiento aunque no existan codigos.,"¿Ocurre siempre, a cierta velocidad o solo bajo carga?",MEDIA,"Motor, rodaje, frenos y transmision",,,,REQUIERE_DESCARTE,PENDIENTE_MECANICO,NO,NO,CANDIDATO_RAG_Y_REVISION,Perdida de potencia del motor: causas comunes y que revisar primero,https://gemacar.com/blog/perdida-de-potencia-del-motor/,Perdida de potencia sin check engine,2026-09-02,NO_DECLARADA,da91396c7ac7fd5669b4b4ae809a0ebc8649d6197dcf91b104f669a7498fc4f1,
GEM-0139,el auto pierde potencia sin encender check engine,sin luces de averia,peso excesivo,Revisar elementos mecanicos y mantenimiento aunque no existan codigos.,"¿Ocurre siempre, a cierta velocidad o solo bajo carga?",MEDIA,"Motor, rodaje, frenos y transmision",,,,REQUIERE_DESCARTE,PENDIENTE_MECANICO,NO,NO,CANDIDATO_RAG_Y_REVISION,Perdida de potencia del motor: causas comunes y que revisar primero,https://gemacar.com/blog/perdida-de-potencia-del-motor/,Perdida de potencia sin check engine,2026-09-02,NO_DECLARADA,da91396c7ac7fd5669b4b4ae809a0ebc8649d6197dcf91b104f669a7498fc4f1,
GEM-0140,el auto pierde potencia sin encender check engine,sin luces de averia,frenos pegados,Revisar elementos mecanicos y mantenimiento aunque no existan codigos.,"¿Ocurre siempre, a cierta velocidad o solo bajo carga?",MEDIA,"Motor, rodaje, frenos y transmision",,,,SIN_CLASE_CANONICA,PENDIENTE_MECANICO,NO,NO,CANDIDATO_RAG_Y_REVISION,Perdida de potencia del motor: causas comunes y que revisar primero,https://gemacar.com/blog/perdida-de-potencia-del-motor/,Perdida de potencia sin check engine,2026-09-02,NO_DECLARADA,da91396c7ac7fd5669b4b4ae809a0ebc8649d6197dcf91b104f669a7498fc4f1,
GEM-0141,el auto pierde potencia sin encender check engine,sin luces de averia,alineacion deficiente,Revisar elementos mecanicos y mantenimiento aunque no existan codigos.,"¿Ocurre siempre, a cierta velocidad o solo bajo carga?",MEDIA,"Motor, rodaje, frenos y transmision",SUSPENSION_004,Llantas desbalanceadas o desalineadas,Suspensión y Dirección,MAPEO_PROPUESTO,PENDIENTE_MECANICO,NO,NO,CANDIDATO_RAG_Y_REVISION,Perdida de potencia del motor: causas comunes y que revisar primero,https://gemacar.com/blog/perdida-de-potencia-del-motor/,Perdida de potencia sin check engine,2026-09-02,NO_DECLARADA,da91396c7ac7fd5669b4b4ae809a0ebc8649d6197dcf91b104f669a7498fc4f1,
GEM-0142,el auto pierde potencia sin encender check engine,sin luces de averia,aceite incorrecto,Revisar elementos mecanicos y mantenimiento aunque no existan codigos.,"¿Ocurre siempre, a cierta velocidad o solo bajo carga?",MEDIA,"Motor, rodaje, frenos y transmision",,,,REQUIERE_DESCARTE,PENDIENTE_MECANICO,NO,NO,CANDIDATO_RAG_Y_REVISION,Perdida de potencia del motor: causas comunes y que revisar primero,https://gemacar.com/blog/perdida-de-potencia-del-motor/,Perdida de potencia sin check engine,2026-09-02,NO_DECLARADA,da91396c7ac7fd5669b4b4ae809a0ebc8649d6197dcf91b104f669a7498fc4f1,
GEM-0143,el auto pierde potencia sin encender check engine,sin luces de averia,filtro de combustible restringido,Revisar elementos mecanicos y mantenimiento aunque no existan codigos.,"¿Ocurre siempre, a cierta velocidad o solo bajo carga?",MEDIA,"Motor, rodaje, frenos y transmision",COMBUSTIBLE_001,Inyectores sucios o filtro de combustible obstruido,Inyección de Combustible,MAPEO_PROPUESTO,PENDIENTE_MECANICO,NO,NO,CANDIDATO_RAG_Y_REVISION,Perdida de potencia del motor: causas comunes y que revisar primero,https://gemacar.com/blog/perdida-de-potencia-del-motor/,Perdida de potencia sin check engine,2026-09-02,NO_DECLARADA,da91396c7ac7fd5669b4b4ae809a0ebc8649d6197dcf91b104f669a7498fc4f1,
GEM-0144,el auto pierde potencia sin encender check engine,sin luces de averia,catalizador parcialmente obstruido,Revisar elementos mecanicos y mantenimiento aunque no existan codigos.,"¿Ocurre siempre, a cierta velocidad o solo bajo carga?",MEDIA,"Motor, rodaje, frenos y transmision",,,,SIN_CLASE_CANONICA,PENDIENTE_MECANICO,NO,NO,CANDIDATO_RAG_Y_REVISION,Perdida de potencia del motor: causas comunes y que revisar primero,https://gemacar.com/blog/perdida-de-potencia-del-motor/,Perdida de potencia sin check engine,2026-09-02,NO_DECLARADA,da91396c7ac7fd5669b4b4ae809a0ebc8649d6197dcf91b104f669a7498fc4f1,
GEM-0145,el auto pierde potencia sin encender check engine,sin luces de averia,transmision desgastada,Revisar elementos mecanicos y mantenimiento aunque no existan codigos.,"¿Ocurre siempre, a cierta velocidad o solo bajo carga?",MEDIA,"Motor, rodaje, frenos y transmision",,,,REQUIERE_REVISION_AMBIGUEDAD,PENDIENTE_MECANICO,NO,NO,CANDIDATO_RAG_Y_REVISION,Perdida de potencia del motor: causas comunes y que revisar primero,https://gemacar.com/blog/perdida-de-potencia-del-motor/,Perdida de potencia sin check engine,2026-09-02,NO_DECLARADA,da91396c7ac7fd5669b4b4ae809a0ebc8649d6197dcf91b104f669a7498fc4f1,
GEM-0146,"el auto pierde fuerza, vibra o da tirones",al acelerar o bajo carga,bujias o bobinas defectuosas,"Separar falla de combustion, soportes, combustible y transmision.","¿Vibra detenido, al acelerar o al cambiar de marcha?",MEDIA_ALTA,"Motor, combustible y transmision",MOTOR_001,Falla en bujias o bobinas de encendido (misfire),Motor,MAPEO_PROPUESTO,PENDIENTE_MECANICO,NO,NO,CANDIDATO_RAG_Y_REVISION,Perdida de potencia del motor: causas comunes y que revisar primero,https://gemacar.com/blog/perdida-de-potencia-del-motor/,Perdida de potencia con vibraciones o tirones,2026-09-02,NO_DECLARADA,da91396c7ac7fd5669b4b4ae809a0ebc8649d6197dcf91b104f669a7498fc4f1,
GEM-0147,"el auto pierde fuerza, vibra o da tirones",al acelerar o bajo carga,inyectores o suministro de combustible,"Separar falla de combustion, soportes, combustible y transmision.","¿Vibra detenido, al acelerar o al cambiar de marcha?",MEDIA_ALTA,"Motor, combustible y transmision",COMBUSTIBLE_001,Inyectores sucios o filtro de combustible obstruido,Inyección de Combustible,REQUIERE_REVISION_AMBIGUEDAD,PENDIENTE_MECANICO,NO,NO,CANDIDATO_RAG_Y_REVISION,Perdida de potencia del motor: causas comunes y que revisar primero,https://gemacar.com/blog/perdida-de-potencia-del-motor/,Perdida de potencia con vibraciones o tirones,2026-09-02,NO_DECLARADA,da91396c7ac7fd5669b4b4ae809a0ebc8649d6197dcf91b104f669a7498fc4f1,
GEM-0148,"el auto pierde fuerza, vibra o da tirones",al acelerar o bajo carga,soportes de motor dañados,"Separar falla de combustion, soportes, combustible y transmision.","¿Vibra detenido, al acelerar o al cambiar de marcha?",MEDIA_ALTA,"Motor, combustible y transmision",,,,SIN_CLASE_CANONICA,PENDIENTE_MECANICO,NO,NO,CANDIDATO_RAG_Y_REVISION,Perdida de potencia del motor: causas comunes y que revisar primero,https://gemacar.com/blog/perdida-de-potencia-del-motor/,Perdida de potencia con vibraciones o tirones,2026-09-02,NO_DECLARADA,da91396c7ac7fd5669b4b4ae809a0ebc8649d6197dcf91b104f669a7498fc4f1,
GEM-0149,"el auto pierde fuerza, vibra o da tirones",al acelerar o bajo carga,problema de transmision,"Separar falla de combustion, soportes, combustible y transmision.","¿Vibra detenido, al acelerar o al cambiar de marcha?",MEDIA_ALTA,"Motor, combustible y transmision",,,,REQUIERE_REVISION_AMBIGUEDAD,PENDIENTE_MECANICO,NO,NO,CANDIDATO_RAG_Y_REVISION,Perdida de potencia del motor: causas comunes y que revisar primero,https://gemacar.com/blog/perdida-de-potencia-del-motor/,Perdida de potencia con vibraciones o tirones,2026-09-02,NO_DECLARADA,da91396c7ac7fd5669b4b4ae809a0ebc8649d6197dcf91b104f669a7498fc4f1,
