id_caso,estado,tipo_registro,fecha_hora,placa_simulada,sintoma_inicial,referencia_congelada,respuestas_permitidas,conversacion,preguntas_carbot,respuestas_proporcionadas,interacciones,diagnostico_final_carbot,top3,confianza,estado_final,solicitud_id,tiempo_tecnico_total_ms,igualdad_exacta,error,estado_final_original,motivo_no_recuperable
SIMULACION_POST_V2_001,SIMULACION_POST_V2,DEVELOPMENT,2026-09-26T18:49:15.747446+00:00,SIMPOSTV2-001,El motor se apaga al detenerme en el semáforo y vuelve a encender después.,Cuerpo de aceleración sucio,"Falla detenido, mejora acelerando y no prende check.","[{""turno"": 1, ""entrada"": ""El motor se apaga al detenerme en el semáforo y vuelve a encender después."", ""respuesta_carbot"": ""🛠️ **1. Posible Falla Vehicular y Diagnóstico Diferencial**\n- **Hipótesis Principal (59%):** Falla en sensor CKP/CMP.\n- **Diagnóstico Diferencial:** Se debe contrastar con fallas de encendido (misfire, 26%) y cuerpo de aceleración/IAC sucio (14%). Un sensor CKP/CMP defectuoso suele apagar el motor en caliente de forma intermitente, mientras que el cuerpo de aceleración sucio provoca una caída inestable de RPM al desacelerar sin necesariamente cortar la chispa. El misfire genera vibración perceptible antes del apagado.\n\n📖 **2. Procedimiento Técnico de Reparación y Pruebas Físicas**\n- Conecte el escáner para verificar códigos y graficar la señal de RPM durante la marcha mínima. \n- *Nota:* El procedimiento RAG referenciado no está validado para la motorización exacta de este vehículo simulación; consulte el manual específico del fabricante para voltajes o resistencia exacta.\n\n⏱️ **3. Tiempo Estimado, Gravedad y Recomendación de Taller**\n- Gravedad moderada. \n- **Pregunta técnica para continuar:** ¿Podría confirmar la marca, modelo, año y cilindrada exacta del vehículo para validar los valores de referencia del fabricante antes de reemplazar componentes?"", ""modo"": ""completo_ml_rag_llm""}]",[],[],1,Falla en sensor de posicion de cigueñal (CKP) o arbol de levas (CMP),"[{""falla"": ""Falla en sensor de posicion de cigueñal (CKP) o arbol de levas (CMP)"", ""probabilidad"": 0.599}, {""falla"": ""Falla en bujias o bobinas de encendido (misfire)"", ""probabilidad"": 0.261}, {""falla"": ""Cuerpo de aceleracion o valvula IAC sucia"", ""probabilidad"": 0.14}]",0.599,completo_ml_rag_llm,,2931.22,False,,,
SIMULACION_POST_V2_002,SIMULACION_POST_V2,DEVELOPMENT,2026-09-26T18:49:17.559624+00:00,SIMPOSTV2-002,"En frío demora bastante en arrancar, el motor gira pero recién prende al segundo intento.",Batería descargada,"Las luces bajan, gira lento y mejora tras cargar batería.","[{""turno"": 1, ""entrada"": ""En frío demora bastante en arrancar, el motor gira pero recién prende al segundo intento."", ""respuesta_carbot"": ""🔧 Hipótesis por comprobar:\n1. Fuga o baja presion en sistema Common Rail Diesel (Camiones/Pickups)\n2. Falla en termostato o motoventilador de radiador\n3. Falla en bujias o bobinas de encendido (misfire)\n\nConfirma la hipótesis mediante una prueba de taller antes de sustituir componentes.\n\nPara especificaciones exactas necesito marca, modelo, año y motorización."", ""modo"": ""completo_ml_rag_llm""}]",[],[],1,Fuga o baja presion en sistema Common Rail Diesel (Camiones/Pickups),"[{""falla"": ""Fuga o baja presion en sistema Common Rail Diesel (Camiones/Pickups)"", ""probabilidad"": 0.7959}, {""falla"": ""Falla en termostato o motoventilador de radiador"", ""probabilidad"": 0.133}, {""falla"": ""Falla en bujias o bobinas de encendido (misfire)"", ""probabilidad"": 0.071}]",0.7959,completo_ml_rag_llm,,1812.52,False,,,
SIMULACION_POST_V2_003,SIMULACION_POST_V2,DEVELOPMENT,2026-09-26T18:49:19.420307+00:00,SIMPOSTV2-003,En subida no responde al acelerador y pierde fuerza con el aire acondicionado encendido.,Inyectores sucios,"Tironea en subida, consume más y no bota humo negro.","[{""turno"": 1, ""entrada"": ""En subida no responde al acelerador y pierde fuerza con el aire acondicionado encendido."", ""respuesta_carbot"": ""🔎 ¿Usa *GNV*, *GLP* o gasolina? ¿En cuál presenta la falla?"", ""modo"": ""esperando_clarificacion""}, {""turno"": 2, ""entrada"": ""Tironea en subida, consume más y no bota humo negro."", ""respuesta_carbot"": ""🛠️ **1. Posible Falla Vehicular y Diagnóstico Diferencial**\n- Hipótesis Principal: Falla en sensor de oxígeno o mezcla rica (59%).\n- Diagnóstico Diferencial: Se debe contrastar con la falla en el regulador de presión de combustible (26%) o fuga en intercooler/turbo (14%). El tironeo en subida y el mayor consumo apuntan tanto a una lectura errónea de la sonda lambda como a una presión de combustible inadecuada o pérdida de presión de sobrealimentación bajo carga.\n\n📖 **2. Procedimiento Técnico de Reparación y Pruebas Físicas**\n- Realizar lectura de datos en vivo con escáner para verificar la respuesta del sensor de oxígeno ante una variación controlada de mezcla, o medir la presión estática y dinámica en el riel de inyectores. Falta verificar la aplicabilidad exacta del documento RAG a la motorización específica de este vehículo.\n\n⏱️ **3. Tiempo Estimado, Gravedad y Recomendación de Taller**\n- Gravedad media. Antes de reemplazar componentes, se requiere identificar la marca, modelo, año y motorización exacta del vehículo. ¿Cuál es la cilindrada y el tipo de inyección del motor en este vehículo de simulación?"", ""modo"": ""completo_ml_rag_llm""}]","[""🔎 ¿Usa *GNV*, *GLP* o gasolina? ¿En cuál presenta la falla?""]","[""Tironea en subida, consume más y no bota humo negro.""]",2,Falla en sensor de oxigeno o mezcla rica,"[{""falla"": ""Falla en sensor de oxigeno o mezcla rica"", ""probabilidad"": 0.5958}, {""falla"": ""Falla en regulador de presion de combustible o diafragma roto"", ""probabilidad"": 0.263}, {""falla"": ""Fuga en mangueras de intercooler o turbocompresor danado"", ""probabilidad"": 0.141}]",0.5958,completo_ml_rag_llm,,1861.59,False,,,
SIMULACION_POST_V2_004,SIMULACION_POST_V2,DEVELOPMENT,2026-09-26T18:49:21.391594+00:00,SIMPOSTV2-004,"El motor tironea, tiembla en ralentí y se encendió check engine después de lluvia.",Bobina de encendido defectuosa,"Tiembla detenido, pierde fuerza y parece fallar un cilindro.","[{""turno"": 1, ""entrada"": ""El motor tironea, tiembla en ralentí y se encendió check engine después de lluvia."", ""respuesta_carbot"": ""🤖 🔍 Para precisar la causa del tironeo o falta de fuerza:\n\n• 1️⃣ Jalonea o cabecea con pérdida de fuerza al acelerar en subida o carga (Bujías o bobinas de encendido) — 66%\n• 2️⃣ Tironea o huele a nafta inmediatamente después de llenar el tanque (Sistema EVAP / Cánister) — 11%\n• 3️⃣ El motor se apaga de golpe en caliente y no arranca hasta enfriar unos minutos (Sensor CKP / CMP) — 8%\n\n👉 *Responde indicando 1, 2 o describiendo brevemente la opción (o describe qué otro síntoma nota si ninguna coincide).*"", ""modo"": ""esperando_clarificacion""}, {""turno"": 2, ""entrada"": ""Tiembla detenido, pierde fuerza y parece fallar un cilindro."", ""respuesta_carbot"": ""🔧 Hipótesis por comprobar:\n1. Falla en bujias o bobinas de encendido (misfire)\n2. Falla en sistema de control de emisiones evaporativas EVAP (canister o valvula de purga)\n3. Cuerpo de aceleracion o valvula IAC sucia\n\nConfirma la hipótesis mediante una prueba de taller antes de sustituir componentes.\n\nPara especificaciones exactas necesito marca, modelo, año y motorización."", ""modo"": ""completo_ml_rag_llm""}]","[""🤖 🔍 Para precisar la causa del tironeo o falta de fuerza:\n\n• 1️⃣ Jalonea o cabecea con pérdida de fuerza al acelerar en subida o carga (Bujías o bobinas de encendido) — 66%\n• 2️⃣ Tironea o huele a nafta inmediatamente después de llenar el tanque (Sistema EVAP / Cánister) — 11%\n• 3️⃣ El motor se apaga de golpe en caliente y no arranca hasta enfriar unos minutos (Sensor CKP / CMP) — 8%\n\n👉 *Responde indicando 1, 2 o describiendo brevemente la opción (o describe qué otro síntoma nota si ninguna coincide).*""]","[""Tiembla detenido, pierde fuerza y parece fallar un cilindro.""]",2,Falla en bujias o bobinas de encendido (misfire),"[{""falla"": ""Falla en bujias o bobinas de encendido (misfire)"", ""probabilidad"": 0.9454}, {""falla"": ""Falla en sistema de control de emisiones evaporativas EVAP (canister o valvula de purga)"", ""probabilidad"": 0.035}, {""falla"": ""Cuerpo de aceleracion o valvula IAC sucia"", ""probabilidad"": 0.019}]",0.9454,completo_ml_rag_llm,,1971.04,False,,,
SIMULACION_POST_V2_005,SIMULACION_POST_V2,DEVELOPMENT,2026-09-26T18:49:23.362457+00:00,SIMPOSTV2-005,Al acelerar siento jaloneos y por el escape sale olor fuerte a gasolina.,Inyector con fuga,"Huele incluso parado, consume más y sale humo oscuro leve.","[{""turno"": 1, ""entrada"": ""Al acelerar siento jaloneos y por el escape sale olor fuerte a gasolina."", ""respuesta_carbot"": ""🔥 **ADVERTENCIA CRÍTICA DE SEGURIDAD: PELIGRO INMINENTE DE INCENDIO**\nFuga activa de combustible detectada. No intente arrancar el motor ni accionar componentes eléctricos. Mantenga alejadas fuentes de ignición o calor y solicite asistencia técnica profesional en un área ventilada.\n\n🔧 Hipótesis por comprobar:\n1. Falla en sensor de oxigeno o mezcla rica\n2. Inyectores sucios o filtro de combustible obstruido\n3. Empaque de culata soplado o danado\n\nConfirma la hipótesis mediante una prueba de taller antes de sustituir componentes.\n\nPara especificaciones exactas necesito marca, modelo, año y motorización."", ""modo"": ""completo_ml_rag_llm""}]",[],[],1,Falla en sensor de oxigeno o mezcla rica,"[{""falla"": ""Falla en sensor de oxigeno o mezcla rica"", ""probabilidad"": 0.5239}, {""falla"": ""Inyectores sucios o filtro de combustible obstruido"", ""probabilidad"": 0.309}, {""falla"": ""Empaque de culata soplado o danado"", ""probabilidad"": 0.167}]",0.5239,completo_ml_rag_llm,,1971.18,False,,,
SIMULACION_POST_V2_006,SIMULACION_POST_V2,DEVELOPMENT,2026-09-26T18:49:25.134938+00:00,SIMPOSTV2-006,Las revoluciones suben y bajan solas cuando el auto está detenido.,Válvula IAC sucia,"Solo ocurre en mínimo, acelerando mejora y no se calienta.","[{""turno"": 1, ""entrada"": ""Las revoluciones suben y bajan solas cuando el auto está detenido."", ""respuesta_carbot"": ""🔧 Hipótesis por comprobar:\n1. Sobrecalentamiento o solenoides en caja automatica CVT / DSG\n2. Cuerpo de aceleracion o valvula IAC sucia\n3. Disco de embrague desgastado o patinando\n\nComprueba el acoplamiento y el estado del fluido según el procedimiento del fabricante; no fuerces la marcha.\n\nNo hay procedimiento compatible verificado. Para especificaciones exactas necesito marca, modelo, año y motorización."", ""modo"": ""completo_ml_rag_llm""}]",[],[],1,Sobrecalentamiento o solenoides en caja automatica CVT / DSG,"[{""falla"": ""Sobrecalentamiento o solenoides en caja automatica CVT / DSG"", ""probabilidad"": 0.5344}, {""falla"": ""Cuerpo de aceleracion o valvula IAC sucia"", ""probabilidad"": 0.303}, {""falla"": ""Disco de embrague desgastado o patinando"", ""probabilidad"": 0.163}]",0.5344,completo_ml_rag_llm,,1772.82,False,,,
SIMULACION_POST_V2_007,SIMULACION_POST_V2,DEVELOPMENT,2026-09-26T18:49:27.037069+00:00,SIMPOSTV2-007,La aguja de temperatura sube rápido y el depósito de refrigerante baja cada semana.,Bomba de agua defectuosa,"Baja el refrigerante, hay ruido adelante y no veo charco grande.","[{""turno"": 1, ""entrada"": ""La aguja de temperatura sube rápido y el depósito de refrigerante baja cada semana."", ""respuesta_carbot"": ""🤖 🔍 Para precisar la causa del problema de temperatura:\n\n• 1️⃣ La temperatura sube rápidamente en tráfico o el ventilador no enciende (Termostato / Motoventilador) — 48%\n• 2️⃣ Pérdida visible de refrigerante o vapor blanco debajo del capó (Fuga de refrigerante) — 40%\n• 3️⃣ Consume refrigerante, bota humo blanco espeso o burbujea el depósito de expansión (Empaque de culata) — 11%\n\n👉 *Responde indicando 1, 2 o describiendo brevemente la opción (o describe qué otro síntoma nota si ninguna coincide).*"", ""modo"": ""esperando_clarificacion""}, {""turno"": 2, ""entrada"": ""Baja el refrigerante, hay ruido adelante y no veo charco grande."", ""respuesta_carbot"": ""🛠️ **1. Posible Falla Vehicular y Diagnóstico Diferencial**\n- **Hipótesis Principal:** Fuga externa en mangueras o radiador (80%).\n- **Diferencial:** Para distinguirla del Top 2 (termostato/motoventilador), verifique si hay pérdida visible de líquido o charcos. Si el nivel baja pero no hay fugas externas y el electroventilador no enciende, apunta a la falla del Top 2. Si hay presencia de humo blanco o aceite en el refrigerante, se evalúa el Top 3 (empaque de culata).\n\n📖 **2. Procedimiento Técnico de Reparación y Pruebas Físicas**\n- Realice una inspección visual detallada y prueba de presión del sistema en frío para localizar la pérdida de refrigerante. *Nota:* Consulte el manual de taller del fabricante para verificar la presión exacta de prueba según la motorización.\n\n⏱️ **3. Tiempo Estimado, Gravedad y Recomendación de Taller**\n- **Gravedad:** Alta. No abra el depósito con el motor caliente para evitar quemaduras severas. \n- **Recomendación:** Indique la marca, modelo, año y motorización exacta del vehículo para validar los datos técnicos específicos."", ""modo"": ""completo_ml_rag_llm""}]","[""🤖 🔍 Para precisar la causa del problema de temperatura:\n\n• 1️⃣ La temperatura sube rápidamente en tráfico o el ventilador no enciende (Termostato / Motoventilador) — 48%\n• 2️⃣ Pérdida visible de refrigerante o vapor blanco debajo del capó (Fuga de refrigerante) — 40%\n• 3️⃣ Consume refrigerante, bota humo blanco espeso o burbujea el depósito de expansión (Empaque de culata) — 11%\n\n👉 *Responde indicando 1, 2 o describiendo brevemente la opción (o describe qué otro síntoma nota si ninguna coincide).*""]","[""Baja el refrigerante, hay ruido adelante y no veo charco grande.""]",2,Fuga en mangueras de refrigerante o radiador picado,"[{""falla"": ""Fuga en mangueras de refrigerante o radiador picado"", ""probabilidad"": 0.8}, {""falla"": ""Falla en termostato o motoventilador de radiador"", ""probabilidad"": 0.13}, {""falla"": ""Empaque de culata soplado o danado"", ""probabilidad"": 0.07}]",0.8,completo_ml_rag_llm,,1902.47,False,,,
SIMULACION_POST_V2_008,SIMULACION_POST_V2,DEVELOPMENT,2026-09-26T18:49:29.392045+00:00,SIMPOSTV2-008,El ventilador no entra y el motor se recalienta en tráfico lento.,Motoventilador de radiador defectuoso,"Solo en tráfico, el ventilador no prende y en carretera baja.","[{""turno"": 1, ""entrada"": ""El ventilador no entra y el motor se recalienta en tráfico lento."", ""respuesta_carbot"": ""🔧 Hipótesis por comprobar:\n1. Falla en termostato o motoventilador de radiador\n2. Fallo en inversor de corriente IGBT o motor electrico (EV)\n3. Bateria descargada o bornes sulfatados\n\nConfirma la hipótesis mediante una prueba de taller antes de sustituir componentes.\n\nPara especificaciones exactas necesito marca, modelo, año y motorización."", ""modo"": ""completo_ml_rag_llm""}]",[],[],1,Falla en termostato o motoventilador de radiador,"[{""falla"": ""Falla en termostato o motoventilador de radiador"", ""probabilidad"": 0.9963}, {""falla"": ""Fallo en inversor de corriente IGBT o motor electrico (EV)"", ""probabilidad"": 0.033}, {""falla"": ""Bateria descargada o bornes sulfatados"", ""probabilidad"": 0.017}]",0.9963,completo_ml_rag_llm,,2355.4,False,,,
SIMULACION_POST_V2_009,SIMULACION_POST_V2,DEVELOPMENT,2026-09-26T18:49:31.322930+00:00,SIMPOSTV2-009,Se escucha un chillido por la parte delantera del motor al encender el aire acondicionado.,Correa de accesorios desgastada,"Suena con el aire, la correa está rajada y la dirección normal.","[{""turno"": 1, ""entrada"": ""Se escucha un chillido por la parte delantera del motor al encender el aire acondicionado."", ""respuesta_carbot"": ""🔧 Hipótesis por comprobar:\n1. Falla en compresor de aire acondicionado o fuga de gas R134a\n2. Faja o cadena de distribucion destensada o con salto de punto\n3. Baja presion de aceite o bomba de aceite defectuosa\n\nVerifica la fuga y el funcionamiento del sistema con equipo adecuado antes de sustituir componentes.\n\nPara especificaciones exactas necesito marca, modelo, año y motorización."", ""modo"": ""completo_ml_rag_llm""}]",[],[],1,Falla en compresor de aire acondicionado o fuga de gas R134a,"[{""falla"": ""Falla en compresor de aire acondicionado o fuga de gas R134a"", ""probabilidad"": 0.9951}, {""falla"": ""Faja o cadena de distribucion destensada o con salto de punto"", ""probabilidad"": 0.033}, {""falla"": ""Baja presion de aceite o bomba de aceite defectuosa"", ""probabilidad"": 0.017}]",0.9951,completo_ml_rag_llm,,1931.24,False,,,
SIMULACION_POST_V2_010,SIMULACION_POST_V2,DEVELOPMENT,2026-09-26T18:49:33.159967+00:00,SIMPOSTV2-010,Al frenar el volante vibra y el pedal late como si rebotara.,Discos de freno alabeados,"Solo frenando, más fuerte a velocidad y pedal firme.","[{""turno"": 1, ""entrada"": ""Al frenar el volante vibra y el pedal late como si rebotara."", ""respuesta_carbot"": ""🔧 Hipótesis por comprobar:\n1. Discos de freno alabeados o desgastados\n2. Falla en servofreno (booster) o linea de vacio\n3. Desgaste de pastillas y zapatas de freno\n\nComprueba físicamente el sistema de frenos; si el frenado es inseguro, no circules.\n\nPara especificaciones exactas necesito marca, modelo, año y motorización."", ""modo"": ""completo_ml_rag_llm""}]",[],[],1,Discos de freno alabeados o desgastados,"[{""falla"": ""Discos de freno alabeados o desgastados"", ""probabilidad"": 0.9845}, {""falla"": ""Falla en servofreno (booster) o linea de vacio"", ""probabilidad"": 0.033}, {""falla"": ""Desgaste de pastillas y zapatas de freno"", ""probabilidad"": 0.017}]",0.9845,completo_ml_rag_llm,,1837.38,False,,,
SIMULACION_POST_V2_011,SIMULACION_POST_V2,DEVELOPMENT,2026-09-26T18:49:33.197044+00:00,SIMPOSTV2-011,El pedal se va hasta abajo y debo bombear para que el vehículo frene.,Aire en sistema hidráulico de frenos,"Pedal esponjoso, mejora bombeando y depósito parece normal.","[{""turno"": 1, ""entrada"": ""El pedal se va hasta abajo y debo bombear para que el vehículo frene."", ""respuesta_carbot"": ""🔧 Hipótesis por comprobar:\n1. Fuga hidraulica o aire en el sistema de frenos\n2. Caliper de freno trabado o mordaza pegada (piston agarrotado)\n3. Falla en servofreno (booster) o linea de vacio\n\nComprueba físicamente el sistema de frenos; si el frenado es inseguro, no circules.\n\nNo hay procedimiento compatible verificado. Para especificaciones exactas necesito marca, modelo, año y motorización."", ""modo"": ""en_cola_gemini""}]",[],[],1,Fuga hidraulica o aire en el sistema de frenos,"[{""falla"": ""Fuga hidraulica o aire en el sistema de frenos"", ""probabilidad"": 0.9982}, {""falla"": ""Caliper de freno trabado o mordaza pegada (piston agarrotado)"", ""probabilidad"": 0.033}, {""falla"": ""Falla en servofreno (booster) o linea de vacio"", ""probabilidad"": 0.017}]",0.9982,JOB_NO_RECUPERABLE,8e8b1712-9023-4c22-a294-d5c2bcfc91fc,37.04,False,,en_cola_gemini,El UUID no existe en trabajos_gemini; la cola en memoria de la ejecución V2 ya no está disponible y no hay conversación ni diagnóstico durable asociados.
SIMULACION_POST_V2_012,SIMULACION_POST_V2,DEVELOPMENT,2026-09-26T18:49:33.234621+00:00,SIMPOSTV2-012,Al girar a la derecha se oye un zumbido que aumenta con la velocidad.,Rodamiento de rueda desgastado,"Aumenta con velocidad, cambia al girar y no golpea baches.","[{""turno"": 1, ""entrada"": ""Al girar a la derecha se oye un zumbido que aumenta con la velocidad."", ""respuesta_carbot"": ""⏳ *Analizando consulta (cola #2)*\nHipótesis preliminar ML: *Rodajes de caja mecanica o diferencial gastados* (71%).\nEn breve recibirás el resumen; el detalle quedará en el panel."", ""modo"": ""en_cola_gemini""}]",[],[],1,Rodajes de caja mecanica o diferencial gastados,"[{""falla"": ""Rodajes de caja mecanica o diferencial gastados"", ""probabilidad"": 0.7171}, {""falla"": ""Rodamiento de maza o rodaje de rueda picado (zumbido de rodadura)"", ""probabilidad"": 0.184}, {""falla"": ""Llantas desbalanceadas o desalineadas"", ""probabilidad"": 0.099}]",0.7171,JOB_NO_RECUPERABLE,3c6ad5d6-a7c4-45ac-8817-9f2e524b0be0,37.56,False,,en_cola_gemini,El UUID no existe en trabajos_gemini; la cola en memoria de la ejecución V2 ya no está disponible y no hay conversación ni diagnóstico durable asociados.
SIMULACION_POST_V2_013,SIMULACION_POST_V2,DEVELOPMENT,2026-09-26T18:49:33.271014+00:00,SIMPOSTV2-013,En los baches suena clac clac adelante y el auto se siente inestable.,Bieleta de barra estabilizadora desgastada,"Suena solo en baches, no vibra en carretera y es adelante.","[{""turno"": 1, ""entrada"": ""En los baches suena clac clac adelante y el auto se siente inestable."", ""respuesta_carbot"": ""⏳ *Analizando consulta (cola #3)*\nHipótesis preliminar ML: *Juntas homocineticas o palieres danados* (87%).\nEn breve recibirás el resumen; el detalle quedará en el panel."", ""modo"": ""en_cola_gemini""}]",[],[],1,Juntas homocineticas o palieres danados,"[{""falla"": ""Juntas homocineticas o palieres danados"", ""probabilidad"": 0.8771}, {""falla"": ""Amortiguadores reventados o bujes de suspension gastados"", ""probabilidad"": 0.08}, {""falla"": ""Bateria descargada o bornes sulfatados"", ""probabilidad"": 0.043}]",0.8771,JOB_NO_RECUPERABLE,b3bfcab1-8d18-4ffe-bdee-cd0efbc5f2f7,36.38,False,,en_cola_gemini,El UUID no existe en trabajos_gemini; la cola en memoria de la ejecución V2 ya no está disponible y no hay conversación ni diagnóstico durable asociados.
SIMULACION_POST_V2_014,SIMULACION_POST_V2,DEVELOPMENT,2026-09-26T18:49:33.306830+00:00,SIMPOSTV2-014,Una rueda quedó inclinada y el neumático se desgasta solo por el borde interior.,Brazo de suspensión doblado,"Golpeó un hueco, gasta por dentro y se va a un lado.","[{""turno"": 1, ""entrada"": ""Una rueda quedó inclinada y el neumático se desgasta solo por el borde interior."", ""respuesta_carbot"": ""🔧 Hipótesis por comprobar:\n1. Llantas desbalanceadas o desalineadas\n2. Falla en actuador de resorte o camara Maxi-Brake trabada (frenos de aire)\n3. Cerradura, chapa o pestillo mecanico de puerta trabado o desalineado\n\nConfirma la holgura o daño mediante inspección física segura antes de cambiar componentes.\n\nNo hay procedimiento compatible verificado. Para especificaciones exactas necesito marca, modelo, año y motorización."", ""modo"": ""en_cola_gemini""}]",[],[],1,Llantas desbalanceadas o desalineadas,"[{""falla"": ""Llantas desbalanceadas o desalineadas"", ""probabilidad"": 0.5342}, {""falla"": ""Falla en actuador de resorte o camara Maxi-Brake trabada (frenos de aire)"", ""probabilidad"": 0.303}, {""falla"": ""Cerradura, chapa o pestillo mecanico de puerta trabado o desalineado"", ""probabilidad"": 0.163}]",0.5342,JOB_NO_RECUPERABLE,80f67086-871b-4d7d-8c60-883d9e353054,35.8,False,,en_cola_gemini,El UUID no existe en trabajos_gemini; la cola en memoria de la ejecución V2 ya no está disponible y no hay conversación ni diagnóstico durable asociados.
SIMULACION_POST_V2_015,SIMULACION_POST_V2,DEVELOPMENT,2026-09-26T18:49:33.342643+00:00,SIMPOSTV2-015,El auto rebota varias veces después de pasar un rompemuelles.,Amortiguadores desgastados,"Rebota varias veces, motor normal y no pierde fuerza.","[{""turno"": 1, ""entrada"": ""El auto rebota varias veces después de pasar un rompemuelles."", ""respuesta_carbot"": ""🔧 Hipótesis por comprobar:\n1. Inyectores sucios o filtro de combustible obstruido\n2. Faja o cadena de distribucion destensada o con salto de punto\n3. Cuerpo de aceleracion o valvula IAC sucia\n\nConfirma la hipótesis mediante una prueba de taller antes de sustituir componentes.\n\nNo hay procedimiento compatible verificado. Para especificaciones exactas necesito marca, modelo, año y motorización."", ""modo"": ""en_cola_gemini""}]",[],[],1,Inyectores sucios o filtro de combustible obstruido,"[{""falla"": ""Inyectores sucios o filtro de combustible obstruido"", ""probabilidad"": 0.5847}, {""falla"": ""Faja o cadena de distribucion destensada o con salto de punto"", ""probabilidad"": 0.27}, {""falla"": ""Cuerpo de aceleracion o valvula IAC sucia"", ""probabilidad"": 0.145}]",0.5847,JOB_NO_RECUPERABLE,16921f94-6084-4517-be2b-ce34c5829901,35.8,False,,en_cola_gemini,El UUID no existe en trabajos_gemini; la cola en memoria de la ejecución V2 ya no está disponible y no hay conversación ni diagnóstico durable asociados.
SIMULACION_POST_V2_016,SIMULACION_POST_V2,DEVELOPMENT,2026-09-26T18:49:33.410147+00:00,SIMPOSTV2-016,"El motor enciende check engine, gasta más gasolina y falla al acelerar.",Sensor de oxígeno defectuoso,"Consume más, check prendido y no humea negro fuerte.","[{""turno"": 1, ""entrada"": ""El motor enciende check engine, gasta más gasolina y falla al acelerar."", ""respuesta_carbot"": ""🤖 🔍 Para confirmar el diagnóstico entre las principales hipótesis técnicas:\n\n• 1️⃣ Jalonea o cabecea con pérdida de fuerza al acelerar en subida o carga (Bujías o bobinas de encendido) — 40%\n• 2️⃣ El motor tose, tironea a cualquier velocidad o le cuesta responder al acelerador (Inyectores / Filtro) — 35%\n• 3️⃣ Humo negro, olor excesivo a gasolina por el escape y alto consumo (Sensor de oxígeno / Mezcla) — 24%\n\n👉 *Responde indicando 1, 2 o describiendo brevemente la opción (o describe qué otro síntoma nota si ninguna coincide).*"", ""modo"": ""esperando_clarificacion""}, {""turno"": 2, ""entrada"": ""Consume más, check prendido y no humea negro fuerte."", ""respuesta_carbot"": ""⏳ *Analizando consulta (cola #6)*\nHipótesis preliminar ML: *Falla en sensor de oxigeno o mezcla rica* (60%).\nAl ser confianza media (<70%), se contrastará con manuales y pruebas de taller.\nEn breve recibirás el resumen; el detalle quedará en el panel."", ""modo"": ""en_cola_gemini""}]","[""🤖 🔍 Para confirmar el diagnóstico entre las principales hipótesis técnicas:\n\n• 1️⃣ Jalonea o cabecea con pérdida de fuerza al acelerar en subida o carga (Bujías o bobinas de encendido) — 40%\n• 2️⃣ El motor tose, tironea a cualquier velocidad o le cuesta responder al acelerador (Inyectores / Filtro) — 35%\n• 3️⃣ Humo negro, olor excesivo a gasolina por el escape y alto consumo (Sensor de oxígeno / Mezcla) — 24%\n\n👉 *Responde indicando 1, 2 o describiendo brevemente la opción (o describe qué otro síntoma nota si ninguna coincide).*""]","[""Consume más, check prendido y no humea negro fuerte.""]",2,Falla en sensor de oxigeno o mezcla rica,"[{""falla"": ""Falla en sensor de oxigeno o mezcla rica"", ""probabilidad"": 0.6042}, {""falla"": ""Falla en bujias o bobinas de encendido (misfire)"", ""probabilidad"": 0.257}, {""falla"": ""Inyectores sucios o filtro de combustible obstruido"", ""probabilidad"": 0.139}]",0.6042,JOB_NO_RECUPERABLE,9b56e813-8764-4c06-8a0b-e1c0d9984856,67.52,False,,en_cola_gemini,El UUID no existe en trabajos_gemini; la cola en memoria de la ejecución V2 ya no está disponible y no hay conversación ni diagnóstico durable asociados.
SIMULACION_POST_V2_017,SIMULACION_POST_V2,DEVELOPMENT,2026-09-26T18:49:33.413342+00:00,SIMPOSTV2-017,Marca error de mezcla pobre y se siente poca fuerza al salir desde parado.,Sensor MAF sucio,"Pierde fuerza, filtro de aire sucio y no veo manguera suelta.","[{""turno"": 1, ""entrada"": ""Marca error de mezcla pobre y se siente poca fuerza al salir desde parado."", ""respuesta_carbot"": ""🚗 Describe el síntoma, por ejemplo: *vibra al manejar*."", ""modo"": ""fuera_de_alcance""}]",[],[],1,Consulta fuera del alcance automotriz,[],0.0,fuera_de_alcance,,3.15,False,,,
SIMULACION_POST_V2_018,SIMULACION_POST_V2,DEVELOPMENT,2026-09-26T18:49:33.449415+00:00,SIMPOSTV2-018,El velocímetro deja de marcar intermitentemente y aparece check engine.,Sensor de velocidad defectuoso,"Velocímetro se cae, odómetro falla y cambios normales.","[{""turno"": 1, ""entrada"": ""El velocímetro deja de marcar intermitentemente y aparece check engine."", ""respuesta_carbot"": ""⏳ *Analizando consulta (cola #7)*\nHipótesis preliminar ML: *Falla en sensor de oxigeno o mezcla rica* (45%).\nAl ser confianza media (<70%), se contrastará con manuales y pruebas de taller.\nEn breve recibirás el resumen; el detalle quedará en el panel."", ""modo"": ""en_cola_gemini""}]",[],[],1,Falla en sensor de oxigeno o mezcla rica,"[{""falla"": ""Falla en sensor de oxigeno o mezcla rica"", ""probabilidad"": 0.4573}, {""falla"": ""Falla en bujias o bobinas de encendido (misfire)"", ""probabilidad"": 0.353}, {""falla"": ""Falla en sensor de velocidad de rueda ABS"", ""probabilidad"": 0.19}]",0.4573,JOB_NO_RECUPERABLE,4327d3ed-0de0-4d3f-9413-b8c6fd108861,36.06,False,,en_cola_gemini,El UUID no existe en trabajos_gemini; la cola en memoria de la ejecución V2 ya no está disponible y no hay conversación ni diagnóstico durable asociados.
SIMULACION_POST_V2_019,SIMULACION_POST_V2,DEVELOPMENT,2026-09-26T18:49:33.486207+00:00,SIMPOSTV2-019,En primera el motor revoluciona pero el carro casi no avanza y huele a quemado.,Disco de embrague patinando,"Revoluciona sin avanzar, huele quemado y pasa en subida.","[{""turno"": 1, ""entrada"": ""En primera el motor revoluciona pero el carro casi no avanza y huele a quemado."", ""respuesta_carbot"": ""⏳ *Analizando consulta (cola #8)*\nHipótesis preliminar ML: *Disco de embrague desgastado o patinando* (99%).\nEn breve recibirás el resumen; el detalle quedará en el panel."", ""modo"": ""en_cola_gemini""}]",[],[],1,Disco de embrague desgastado o patinando,"[{""falla"": ""Disco de embrague desgastado o patinando"", ""probabilidad"": 0.9971}, {""falla"": ""Rodajes de transmision manual o eje primario gastados"", ""probabilidad"": 0.033}, {""falla"": ""Falla en caja robotizada Dualogic / I-Motion / Easytronic (Fiat / VW)"", ""probabilidad"": 0.017}]",0.9971,JOB_NO_RECUPERABLE,77ac8bf9-9658-4058-bccc-510efee06dbb,36.78,False,,en_cola_gemini,El UUID no existe en trabajos_gemini; la cola en memoria de la ejecución V2 ya no está disponible y no hay conversación ni diagnóstico durable asociados.
SIMULACION_POST_V2_020,SIMULACION_POST_V2,DEVELOPMENT,2026-09-26T18:49:33.523276+00:00,SIMPOSTV2-020,Cuesta entrar los cambios y el pedal de embrague se queda pegado abajo.,Cilindro maestro de embrague defectuoso,"Pedal se queda abajo, líquido bajo y apagado entra mejor.","[{""turno"": 1, ""entrada"": ""Cuesta entrar los cambios y el pedal de embrague se queda pegado abajo."", ""respuesta_carbot"": ""🔧 Hipótesis por comprobar:\n1. Falla en bombin o bomba hidraulica de embrague\n2. Disco de embrague desgastado o patinando\n3. Sobrecalentamiento o solenoides en caja automatica CVT / DSG\n\nComprueba el acoplamiento y el estado del fluido según el procedimiento del fabricante; no fuerces la marcha.\n\nNo hay procedimiento compatible verificado. Para especificaciones exactas necesito marca, modelo, año y motorización."", ""modo"": ""en_cola_gemini""}]",[],[],1,Falla en bombin o bomba hidraulica de embrague,"[{""falla"": ""Falla en bombin o bomba hidraulica de embrague"", ""probabilidad"": 0.7362}, {""falla"": ""Disco de embrague desgastado o patinando"", ""probabilidad"": 0.171}, {""falla"": ""Sobrecalentamiento o solenoides en caja automatica CVT / DSG"", ""probabilidad"": 0.092}]",0.7362,JOB_NO_RECUPERABLE,8d5d960e-9726-457e-bb09-4567c21d843b,37.07,False,,en_cola_gemini,El UUID no existe en trabajos_gemini; la cola en memoria de la ejecución V2 ya no está disponible y no hay conversación ni diagnóstico durable asociados.
SIMULACION_POST_V2_021,SIMULACION_POST_V2,DEVELOPMENT,2026-09-26T18:49:33.560726+00:00,SIMPOSTV2-021,"Al dar arranque solo se escucha un clic, las luces del tablero bajan de intensidad.",Batería descargada,"Solo hace clic, luces débiles y bornes se ven normales.","[{""turno"": 1, ""entrada"": ""Al dar arranque solo se escucha un clic, las luces del tablero bajan de intensidad."", ""respuesta_carbot"": ""⏳ *Analizando consulta (cola #10)*\nHipótesis preliminar ML: *Alternador defectuoso o placa de diodos quemada* (82%).\nEn breve recibirás el resumen; el detalle quedará en el panel."", ""modo"": ""en_cola_gemini""}]",[],[],1,Alternador defectuoso o placa de diodos quemada,"[{""falla"": ""Alternador defectuoso o placa de diodos quemada"", ""probabilidad"": 0.8206}, {""falla"": ""Bateria descargada o bornes sulfatados"", ""probabilidad"": 0.117}, {""falla"": ""Falla en motor de arranque o solenoide defectuoso (clac seco o carbones gastados)"", ""probabilidad"": 0.063}]",0.8206,JOB_NO_RECUPERABLE,6d05a673-135b-46ab-8c2e-c4f1878b1174,37.42,False,,en_cola_gemini,El UUID no existe en trabajos_gemini; la cola en memoria de la ejecución V2 ya no está disponible y no hay conversación ni diagnóstico durable asociados.
SIMULACION_POST_V2_022,SIMULACION_POST_V2,DEVELOPMENT,2026-09-26T18:49:33.597666+00:00,SIMPOSTV2-022,La batería se descarga aunque es nueva y la luz de batería prende mientras manejo.,Alternador defectuoso,"Luz prende andando, carga baja y correa está puesta.","[{""turno"": 1, ""entrada"": ""La batería se descarga aunque es nueva y la luz de batería prende mientras manejo."", ""respuesta_carbot"": ""⏳ *Analizando consulta (cola #11)*\nHipótesis preliminar ML: *Alternador defectuoso o placa de diodos quemada* (74%).\nEn breve recibirás el resumen; el detalle quedará en el panel."", ""modo"": ""en_cola_gemini""}]",[],[],1,Alternador defectuoso o placa de diodos quemada,"[{""falla"": ""Alternador defectuoso o placa de diodos quemada"", ""probabilidad"": 0.7418}, {""falla"": ""Degradacion o falla en paquete de bateria de alto voltaje (EV / Hibridos)"", ""probabilidad"": 0.168}, {""falla"": ""Fuga parasita de corriente en reposo (consumo nocturno de bateria)"", ""probabilidad"": 0.09}]",0.7418,JOB_NO_RECUPERABLE,169fc48c-9136-443d-b544-b9e2adccfd5c,36.93,False,,en_cola_gemini,El UUID no existe en trabajos_gemini; la cola en memoria de la ejecución V2 ya no está disponible y no hay conversación ni diagnóstico durable asociados.
SIMULACION_POST_V2_023,SIMULACION_POST_V2,DEVELOPMENT,2026-09-26T18:49:33.634701+00:00,SIMPOSTV2-023,Las luces parpadean y el tablero se apaga por segundos al acelerar.,Terminal negativo de batería sulfatado,"Empeora con baches, borne negativo sulfatado y batería nueva.","[{""turno"": 1, ""entrada"": ""Las luces parpadean y el tablero se apaga por segundos al acelerar."", ""respuesta_carbot"": ""⏳ *Analizando consulta (cola #12)*\nHipótesis preliminar ML: *Alternador defectuoso o placa de diodos quemada* (72%).\nEn breve recibirás el resumen; el detalle quedará en el panel."", ""modo"": ""en_cola_gemini""}]",[],[],1,Alternador defectuoso o placa de diodos quemada,"[{""falla"": ""Alternador defectuoso o placa de diodos quemada"", ""probabilidad"": 0.7202}, {""falla"": ""Bateria descargada o bornes sulfatados"", ""probabilidad"": 0.182}, {""falla"": ""Cuerpo de aceleracion o valvula IAC sucia"", ""probabilidad"": 0.098}]",0.7202,JOB_NO_RECUPERABLE,1b2f8217-de04-400a-9cbe-c0cddb79c2b9,37.03,False,,en_cola_gemini,El UUID no existe en trabajos_gemini; la cola en memoria de la ejecución V2 ya no está disponible y no hay conversación ni diagnóstico durable asociados.
SIMULACION_POST_V2_024,SIMULACION_POST_V2,DEVELOPMENT,2026-09-26T18:49:33.705488+00:00,SIMPOSTV2-024,El motor no enciende después de cargar combustible; se siente olor a gasolina.,Bomba de gasolina con baja presión,"Después de cargar falla, huele gasolina y no mantiene presión.","[{""turno"": 1, ""entrada"": ""El motor no enciende después de cargar combustible; se siente olor a gasolina."", ""respuesta_carbot"": ""🤖 🔍 Para confirmar el diagnóstico entre las principales hipótesis técnicas:\n\n• 1️⃣ Humo negro, olor excesivo a gasolina por el escape y alto consumo (Sensor de oxígeno / Mezcla) — 64%\n• 2️⃣ Falla de arranque en frío o descalibración de mezcla en vehículo flex/etanol (Sistema Bi-combustible) — 11%\n• 3️⃣ Falta de potencia en alta, se ahoga en subida o zumba fuerte el tanque de combustible (Bomba de combustible) — 11%\n\n👉 *Responde indicando 1, 2 o describiendo brevemente la opción (o describe qué otro síntoma nota si ninguna coincide).*"", ""modo"": ""esperando_clarificacion""}, {""turno"": 2, ""entrada"": ""Después de cargar falla, huele gasolina y no mantiene presión."", ""respuesta_carbot"": ""⏳ *Analizando consulta (cola #13)*\nHipótesis preliminar ML: *Falla en sensor de oxigeno o mezcla rica* (76%).\nEn breve recibirás el resumen; el detalle quedará en el panel."", ""modo"": ""en_cola_gemini""}]","[""🤖 🔍 Para confirmar el diagnóstico entre las principales hipótesis técnicas:\n\n• 1️⃣ Humo negro, olor excesivo a gasolina por el escape y alto consumo (Sensor de oxígeno / Mezcla) — 64%\n• 2️⃣ Falla de arranque en frío o descalibración de mezcla en vehículo flex/etanol (Sistema Bi-combustible) — 11%\n• 3️⃣ Falta de potencia en alta, se ahoga en subida o zumba fuerte el tanque de combustible (Bomba de combustible) — 11%\n\n👉 *Responde indicando 1, 2 o describiendo brevemente la opción (o describe qué otro síntoma nota si ninguna coincide).*""]","[""Después de cargar falla, huele gasolina y no mantiene presión.""]",2,Falla en sensor de oxigeno o mezcla rica,"[{""falla"": ""Falla en sensor de oxigeno o mezcla rica"", ""probabilidad"": 0.7673}, {""falla"": ""Bomba de gasolina quemada o con baja presion"", ""probabilidad"": 0.151}, {""falla"": ""Inyectores sucios o filtro de combustible obstruido"", ""probabilidad"": 0.081}]",0.7673,JOB_NO_RECUPERABLE,e82229f9-4cbd-4933-9951-7280aae2293d,70.78,False,,en_cola_gemini,El UUID no existe en trabajos_gemini; la cola en memoria de la ejecución V2 ya no está disponible y no hay conversación ni diagnóstico durable asociados.
SIMULACION_POST_V2_025,SIMULACION_POST_V2,DEVELOPMENT,2026-09-26T18:49:33.744391+00:00,SIMPOSTV2-025,"Al acelerar a fondo pierde potencia y da tirones, como si no llegara combustible.",Bomba de gasolina con baja presión,"Solo acelerando fuerte, mejora soltando y mínimo normal.","[{""turno"": 1, ""entrada"": ""Al acelerar a fondo pierde potencia y da tirones, como si no llegara combustible."", ""respuesta_carbot"": ""🔎 ¿Usa *GNV*, *GLP* o gasolina? ¿En cuál presenta la falla?"", ""modo"": ""esperando_clarificacion""}, {""turno"": 2, ""entrada"": ""Solo acelerando fuerte, mejora soltando y mínimo normal."", ""respuesta_carbot"": ""🔧 Hipótesis por comprobar:\n1. Falla en bujias o bobinas de encendido (misfire)\n2. Cuerpo de aceleracion o valvula IAC sucia\n3. Fuga en mangueras de intercooler o turbocompresor danado\n\nConfirma la hipótesis mediante una prueba de taller antes de sustituir componentes.\n\nNo hay procedimiento compatible verificado. Para especificaciones exactas necesito marca, modelo, año y motorización."", ""modo"": ""en_cola_gemini""}]","[""🔎 ¿Usa *GNV*, *GLP* o gasolina? ¿En cuál presenta la falla?""]","[""Solo acelerando fuerte, mejora soltando y mínimo normal.""]",2,Falla en bujias o bobinas de encendido (misfire),"[{""falla"": ""Falla en bujias o bobinas de encendido (misfire)"", ""probabilidad"": 0.7835}, {""falla"": ""Cuerpo de aceleracion o valvula IAC sucia"", ""probabilidad"": 0.141}, {""falla"": ""Fuga en mangueras de intercooler o turbocompresor danado"", ""probabilidad"": 0.076}]",0.7835,JOB_NO_RECUPERABLE,7afb19cb-1e97-4360-b1d3-e6b00cdb9907,38.88,False,,en_cola_gemini,El UUID no existe en trabajos_gemini; la cola en memoria de la ejecución V2 ya no está disponible y no hay conversación ni diagnóstico durable asociados.
SIMULACION_POST_V2_026,SIMULACION_POST_V2,DEVELOPMENT,2026-09-26T18:49:33.814812+00:00,SIMPOSTV2-026,"Enciende, pero luego de unos minutos empieza a fallar un cilindro y vibra todo el motor.",Bobina de encendido defectuosa,"Pasa caliente, tiembla bastante y check prendido.","[{""turno"": 1, ""entrada"": ""Enciende, pero luego de unos minutos empieza a fallar un cilindro y vibra todo el motor."", ""respuesta_carbot"": ""🔎 ¿Vibra al frenar, a cierta velocidad o en mínimo?"", ""modo"": ""esperando_clarificacion""}, {""turno"": 2, ""entrada"": ""Pasa caliente, tiembla bastante y check prendido."", ""respuesta_carbot"": ""🤖 🔍 Para confirmar el diagnóstico entre las principales hipótesis técnicas:\n\n• 1️⃣ Jalonea o cabecea con pérdida de fuerza al acelerar en subida o carga (Bujías o bobinas de encendido) — 70%\n• 2️⃣ Humo negro, olor excesivo a gasolina por el escape y alto consumo (Sensor de oxígeno / Mezcla) — 25%\n• 3️⃣ La temperatura sube rápidamente en tráfico o el ventilador no enciende (Termostato / Motoventilador) — 3%\n\n👉 *Responde indicando 1, 2 o describiendo brevemente la opción (o describe qué otro síntoma nota si ninguna coincide).*"", ""modo"": ""esperando_clarificacion""}, {""turno"": 3, ""entrada"": ""No se cuenta con ese dato en esta simulación."", ""respuesta_carbot"": ""⏳ *Analizando consulta (cola #15)*\nHipótesis preliminar ML: *Falla en sensor de oxigeno o mezcla rica* (55%).\nAl ser confianza media (<70%), se contrastará con manuales y pruebas de taller.\nEn breve recibirás el resumen; el detalle quedará en el panel."", ""modo"": ""en_cola_gemini""}]","[""🔎 ¿Vibra al frenar, a cierta velocidad o en mínimo?"", ""🤖 🔍 Para confirmar el diagnóstico entre las principales hipótesis técnicas:\n\n• 1️⃣ Jalonea o cabecea con pérdida de fuerza al acelerar en subida o carga (Bujías o bobinas de encendido) — 70%\n• 2️⃣ Humo negro, olor excesivo a gasolina por el escape y alto consumo (Sensor de oxígeno / Mezcla) — 25%\n• 3️⃣ La temperatura sube rápidamente en tráfico o el ventilador no enciende (Termostato / Motoventilador) — 3%\n\n👉 *Responde indicando 1, 2 o describiendo brevemente la opción (o describe qué otro síntoma nota si ninguna coincide).*""]","[""Pasa caliente, tiembla bastante y check prendido."", ""No se cuenta con ese dato en esta simulación.""]",3,Falla en sensor de oxigeno o mezcla rica,"[{""falla"": ""Falla en sensor de oxigeno o mezcla rica"", ""probabilidad"": 0.5512}, {""falla"": ""Convertidor catalitico ineficiente u obstruido (DTC P0420 / P0430)"", ""probabilidad"": 0.292}, {""falla"": ""Falla en bujias o bobinas de encendido (misfire)"", ""probabilidad"": 0.157}]",0.5512,JOB_NO_RECUPERABLE,6b52433e-ba40-4916-adaa-e0ceda60703a,70.43,False,,en_cola_gemini,El UUID no existe en trabajos_gemini; la cola en memoria de la ejecución V2 ya no está disponible y no hay conversación ni diagnóstico durable asociados.
SIMULACION_POST_V2_027,SIMULACION_POST_V2,DEVELOPMENT,2026-09-26T18:49:33.852082+00:00,SIMPOSTV2-027,Cuando suelto el acelerador se apaga; el ralentí es muy bajo e inestable.,Válvula IAC sucia,"Mínimo muy bajo, acelerando no se apaga y no recalienta.","[{""turno"": 1, ""entrada"": ""Cuando suelto el acelerador se apaga; el ralentí es muy bajo e inestable."", ""respuesta_carbot"": ""⏳ *Analizando consulta (cola #16)*\nHipótesis preliminar ML: *Cuerpo de aceleracion o valvula IAC sucia* (89%).\nEn breve recibirás el resumen; el detalle quedará en el panel."", ""modo"": ""en_cola_gemini""}]",[],[],1,Cuerpo de aceleracion o valvula IAC sucia,"[{""falla"": ""Cuerpo de aceleracion o valvula IAC sucia"", ""probabilidad"": 0.8972}, {""falla"": ""Bomba de gasolina quemada o con baja presion"", ""probabilidad"": 0.067}, {""falla"": ""Falla de descarbonizacion e inyeccion directa GDI (acumulacion de carbon en valvulas)"", ""probabilidad"": 0.036}]",0.8972,JOB_NO_RECUPERABLE,4ccae989-3d62-46f9-9e85-6b0570801363,37.24,False,,en_cola_gemini,El UUID no existe en trabajos_gemini; la cola en memoria de la ejecución V2 ya no está disponible y no hay conversación ni diagnóstico durable asociados.
SIMULACION_POST_V2_028,SIMULACION_POST_V2,DEVELOPMENT,2026-09-26T18:49:33.888506+00:00,SIMPOSTV2-028,Sube la temperatura en carretera y se escucha un ruido metálico cerca de la bomba de agua.,Bomba de agua defectuosa,"Ruido cerca de bomba, baja refrigerante y sube andando.","[{""turno"": 1, ""entrada"": ""Sube la temperatura en carretera y se escucha un ruido metálico cerca de la bomba de agua."", ""respuesta_carbot"": ""⏳ *Analizando consulta (cola #17)*\nHipótesis preliminar ML: *Fuga en mangueras de refrigerante o radiador picado* (84%).\nEn breve recibirás el resumen; el detalle quedará en el panel."", ""modo"": ""en_cola_gemini""}]",[],[],1,Fuga en mangueras de refrigerante o radiador picado,"[{""falla"": ""Fuga en mangueras de refrigerante o radiador picado"", ""probabilidad"": 0.8485}, {""falla"": ""Falla en termostato o motoventilador de radiador"", ""probabilidad"": 0.098}, {""falla"": ""Faja o cadena de distribucion destensada o con salto de punto"", ""probabilidad"": 0.053}]",0.8485,JOB_NO_RECUPERABLE,572bd676-28f5-4717-97f8-925f43002097,36.41,False,,en_cola_gemini,El UUID no existe en trabajos_gemini; la cola en memoria de la ejecución V2 ya no está disponible y no hay conversación ni diagnóstico durable asociados.
SIMULACION_POST_V2_029,SIMULACION_POST_V2,DEVELOPMENT,2026-09-26T18:49:33.926121+00:00,SIMPOSTV2-029,Al frenar fuerte el vehículo se desvía hacia un lado y una rueda queda caliente.,Cáliper de freno trabado,"Una rueda queda caliente, queda frenado y se va a un lado.","[{""turno"": 1, ""entrada"": ""Al frenar fuerte el vehículo se desvía hacia un lado y una rueda queda caliente."", ""respuesta_carbot"": ""⏳ *Analizando consulta (cola #18)*\nHipótesis preliminar ML: *Discos de freno alabeados o desgastados* (56%).\nAl ser confianza media (<70%), se contrastará con manuales y pruebas de taller.\nEn breve recibirás el resumen; el detalle quedará en el panel."", ""modo"": ""en_cola_gemini""}]",[],[],1,Discos de freno alabeados o desgastados,"[{""falla"": ""Discos de freno alabeados o desgastados"", ""probabilidad"": 0.562}, {""falla"": ""Fuga hidraulica o aire en el sistema de frenos"", ""probabilidad"": 0.285}, {""falla"": ""Desgaste de pastillas y zapatas de freno"", ""probabilidad"": 0.153}]",0.562,JOB_NO_RECUPERABLE,16478046-eb87-4cf0-978f-f4b4baa954c7,37.6,False,,en_cola_gemini,El UUID no existe en trabajos_gemini; la cola en memoria de la ejecución V2 ya no está disponible y no hay conversación ni diagnóstico durable asociados.
SIMULACION_POST_V2_030,SIMULACION_POST_V2,DEVELOPMENT,2026-09-26T18:49:33.962428+00:00,SIMPOSTV2-030,Se oye un golpeteo al pasar pistas maltratadas y la dirección tiene juego.,Rótula de dirección con holgura,"Volante tiene juego, golpea baches y llanta gasta irregular.","[{""turno"": 1, ""entrada"": ""Se oye un golpeteo al pasar pistas maltratadas y la dirección tiene juego."", ""respuesta_carbot"": ""⏳ *Analizando consulta (cola #19)*\nHipótesis preliminar ML: *Cremallera de direccion asistida con holgura o fuga* (70%).\nEn breve recibirás el resumen; el detalle quedará en el panel."", ""modo"": ""en_cola_gemini""}]",[],[],1,Cremallera de direccion asistida con holgura o fuga,"[{""falla"": ""Cremallera de direccion asistida con holgura o fuga"", ""probabilidad"": 0.7036}, {""falla"": ""Amortiguadores reventados o bujes de suspension gastados"", ""probabilidad"": 0.193}, {""falla"": ""Falla en motor de arranque o solenoide defectuoso (clac seco o carbones gastados)"", ""probabilidad"": 0.104}]",0.7036,JOB_NO_RECUPERABLE,01802f1b-8137-4adb-94c7-f71202f34708,36.3,False,,en_cola_gemini,El UUID no existe en trabajos_gemini; la cola en memoria de la ejecución V2 ya no está disponible y no hay conversación ni diagnóstico durable asociados.
