review_id,text,make,model,model_year,component_reported,candidate_label,content_type,text_quality,label_final,reviewer,review_status,confidence,observations
NHTSA-REV-001,"The contact owns a 2018 Ford F-150. The contact stated that while driving the vehicle at an undisclosed speed, the AC was being used at 70% power when suddenly, the AC no longer gave cool air and the airflow was weak. The contact stated this happens when he drives the vehicle longer than a 4 hour period. The vehicle was taken to a dealer where it could not be diagnosed due to no being able to duplicate the failure. The vehicle was not repaired. The manufacturer was not notified of the failure. The failure mileage was 21,000.",FORD,F-150,2018,VISIBILITY:DEFROSTER/DEFOGGER/HVAC SYSTEM:COMPRESSOR,CLIMATIZACION,general_complaint_candidate,general_symptom_description,,,pending_mechanical_review,,
NHTSA-REV-002,"The contact owns a 2022 Buick Encore. The contact stated that while driving at an undisclosed speed, the emissions warning light illuminated and hot air was coming from the A/C unit, despite the A/C cooling setting being activated. The vehicle was taken to a dealer, where it was diagnosed that the purge pump and an unknown part needed to be replaced, and loose bolts in the A/C caused Freon to leak. The vehicle was repaired. The manufacturer was notified of the failure and referred the contact to the NHTSA Hotline to report the failure. The failure mileage was approximately 28,586.",BUICK,ENCORE GX,2022,EQUIPMENT:APPLIANCE:AIR CONDITIONER,CLIMATIZACION,symptom_detail_candidate,high_symptom_detail,,,pending_mechanical_review,,
NHTSA-REV-003,"The contact owns a 2025 Toyota Rav4. The contact stated that while driving the vehicle at an undisclosed speed and activating the A/C, there was hot air coming from the vents. The dealer was contacted, and the contact was informed that the A/C condenser was damaged by an object, causing a refrigerant leak. The contact stated that the vehicle was sold with the pre-existing failure. The vehicle was repaired. The manufacturer was made aware of the failure. The failure mileage was approximately 556.",TOYOTA,RAV4,2025,VISIBILITY:DEFROSTER/DEFOGGER/HVAC SYSTEM:CONDENSOR/EVAPORATOR,CLIMATIZACION,symptom_detail_candidate,high_symptom_detail,,,pending_mechanical_review,,
NHTSA-REV-004,"The contact owns a 2018 Chrysler Pacifica. The contact stated while driving the vehicle at and undisclosed speed his heater is would not work, until the vehicle is fully moving and running. The contact stated he could hear a clicking Nosie coming from the engine bay and as well a decompression noise coming from inside the cabin. The contact stated that there was a check engine light illuminated. The vehicle taken to a dealer were it was diagnosed to need a new electric heater. The vehicle was not repaired. The manufacturer was made aware of the failure. The failure mileage was 134,350.",CHRYSLER,PACIFICA,2018,VISIBILITY:DEFROSTER/DEFOGGER/HVAC SYSTEM,CLIMATIZACION,symptom_detail_candidate,high_symptom_detail,,,pending_mechanical_review,,
NHTSA-REV-005,2nd time ac system stoppped working with 6000. Miles on it after 3rd time same problem it will be under lemon law,TOYOTA,GRAND HIGHLANDER,2026,VISIBILITY:DEFROSTER/DEFOGGER/HVAC SYSTEM,CLIMATIZACION,general_complaint_candidate,general_symptom_description,,,pending_mechanical_review,,
NHTSA-REV-006,"The contact owns a 2017 Chevrolet Spark. The contact stated that while the vehicle was parked or while driving at various speeds, the A/C was blowing out hot air. A dealer was contacted. The vehicle was taken to the dealer to be diagnosed, and the air conditioning hose was leaking and the condenser needed to be replaced. The vehicle was then taken to another dealer where it was diagnosed and determined that the freon was low and that the compressor needed to be replaced. The hoses and the condenser were replaced three times. The contact stated that the failures had occurred on several occasions. The manufacturer was notified of the failure and suggested that the vehicle be taken to the dealer to be repaired. The failure mileage was approximately 100,000.",CHEVROLET,SPARK,2017,VISIBILITY:DEFROSTER/DEFOGGER/HVAC SYSTEM:COMPRESSOR,CLIMATIZACION,general_complaint_candidate,general_symptom_description,,,pending_mechanical_review,,
NHTSA-REV-007,"The contact owns a 2019 Volvo XC90. The contact stated that while driving at various speeds and or while the vehicle was parked, the A/C unit became inoperable, and the defogger failed to clear the front windshield. The contact stated that the A/C was shifted to the MAX setting to operate as needed to defrost the windshield with an abnormal odor blowing through the vents. The vehicle was taken a dealer where it was diagnosed and determined that the front evaporator core needed to be replaced. The vehicle was repaired. The manufacturer was notified of the failure. The failure mileage was approximately 114,000.",VOLVO,XC90,2019,VISIBILITY:DEFROSTER/DEFOGGER/HVAC SYSTEM,CLIMATIZACION,general_complaint_candidate,general_symptom_description,,,pending_mechanical_review,,
NHTSA-REV-008,"The contact owns a 2026 TOYOTA Tacoma. The contact stated while driving the vehicle at an undisclosed speed, the AC went out. The vehicle was driven to a dealer where it was diagnosed to have a rock damage at the AC condenser. The contact stated that it is located in front of the grill which has no protection or cover on the condenser, allowing the issue to occurred again. The vehicle was not repaired. The manufacturer was notified of the failure. The failure mileage was 12,000.",TOYOTA,TACOMA,2026,VISIBILITY:DEFROSTER/DEFOGGER/HVAC SYSTEM:CONDENSOR/EVAPORATOR,CLIMATIZACION,general_complaint_candidate,general_symptom_description,,,pending_mechanical_review,,
NHTSA-REV-009,"The contact owns a 2021 Mazda CX-5. The contact stated that while driving approximately 50 MPH in an intense rainstorm, the windshield became foggy. The contact activated the HVAC system to clear the windshield, but only hot air was coming from the vents. The contact stated that the hot air made the foggy windshield worse. The contact used a towel to wipe the inside of the windshield. The contact had taken the vehicle to a local dealer; however, the failure was not duplicated. The vehicle was not repaired. The contact stated that the failure occurred during intense rainfall. The manufacturer was informed of the failure and referred the contact to the NHTSA Hotline to report the failure. The failure mileage was approximately 35,000.",MAZDA,CX-5,2021,VISIBILITY:DEFROSTER/DEFOGGER/HVAC SYSTEM,CLIMATIZACION,general_complaint_candidate,general_symptom_description,,,pending_mechanical_review,,
NHTSA-REV-010,"The contact owns a 2014 GMC Sierra 1500. While the contact's husband was driving at an undisclosed speed, the contact became aware that there was smoke coming from the rear window and the window shattered. The contact stated that the defroster was operating during the failure. The contact stated that the shattered glass had fallen on the contact's minor son, who was seated in the rear seat. The son had not sustained any injuries. The vehicle was not diagnosed or repaired by an independent mechanic or dealer. The dealer was made aware of the failure. The contact was informed that the repair was previously performed and covered under the warranty. The contact was informed that the current repair was not covered under warranty. The contact was advised to contact the NHTSA Hotline to report the failure. The manufacturer was not made aware of the failure. The failure mileage was approximately 156,800.",GMC,SIERRA 1500,2014,VISIBILITY:DEFROSTER/DEFOGGER/HVAC SYSTEM:REAR WINDOW,CLIMATIZACION,symptom_detail_candidate,high_symptom_detail,,,pending_mechanical_review,,
NHTSA-REV-011,"When driving, especially at highway speeds where only minor tracking [VIN_REDACTED] are needed, the steering wheel can feel like it is momentarily sticking or catching. Having to exert sudden, extra physical effort to ""break"" the wheel free from this sticky point. This often leads to momentary overcorrection, significantly increasing the risk of a crash.",HONDA,CIVIC,2020,STEERING,DIRECCION,general_complaint_candidate,general_symptom_description,,,pending_mechanical_review,,
NHTSA-REV-012,"I am reporting a serious steering/suspension safety problem with my 2017 Jeep Compass. After picking the vehicle up from the dealership following repairs/service, the vehicle was significantly more difficult and frightening to control than before. While driving, the Jeep will suddenly veer toward the shoulder/ditch or toward/over the center line even though I have not intentionally moved the steering wheel in that direction. I have to repeatedly correct the steering to keep the vehicle in my lane. The problem becomes worse and more dangerous as speed increases. There are also multiple popping/clunking noises coming from underneath the vehicle. The steering feels unstable and the vehicle does not consistently track in the direction the steering wheel is pointing. This creates a serious risk of losing control, leaving the roadway, or colliding with another vehicle. The dealership has previously diagnosed problems involving the steering/rack and pinion and has had the vehicle multiple times for repairs. After the most recent service, the steering condition became extremely unsafe. I notified the dealership immediately and provided video showing the steering/vehicle movement. The dealership owner responded that I should obtain an attorney and have my attorney contact theirs. The vehicle and affected components are available for inspection. I am requesting that NHTSA document and investigate this steering/suspension safety issue because I believe the vehicle presents a serious risk to the driver, passengers, and other motorists.",JEEP,COMPASS,2017,STEERING,DIRECCION,general_complaint_candidate,general_symptom_description,,,pending_mechanical_review,,
NHTSA-REV-013,"My son was driving my truck when the power steering went out and felt like it was locked up. Luckily, he was not near a major road but became stuck on the side of the road. Now being told that this is common with this truck. Told that the entire steering rack now has to be replaced, $4,000.00. This is not right and could have seriously hurt my son or my family.",RAM,1500,2017,STEERING,DIRECCION,general_complaint_candidate,general_symptom_description,,,pending_mechanical_review,,
NHTSA-REV-014,While driving and making a left turn the wheels pulled hard to the left and a major grinding noise started and at the same time the steering wheel locked up. I was just shy of crashing into a curb area and sitting in oncoming traffic lane. I pulled on the steering wheel and it broke free but still had a grinding noise and this happens a handful of times. I took to Tesla service and they said the lower steering link was completely hanging free. No advance notice just major failure.,TESLA,MODEL Y,2023,STEERING,DIRECCION,symptom_detail_candidate,high_symptom_detail,,,pending_mechanical_review,,
NHTSA-REV-015,"We were going to the beach a couple of days ago. While I was driving down the highway the power steering went out. All of a sudden I had no control over the steering. I was fortunate enough that the person on the right side of me was alert enough to recognize that something wrong was happening as I quickly veered into his lane. I was able to slow down enough and fight the wheel for control and get it parked on the medium. If he wouldn't have been alert this could have had some bad results. He pulled over and checked on us. Ensured we had a phone. The truck is available for a inspection. The truck is a 2013 but it has been pampered taken care of. Milage is only 47,510 miles. If the miles of the truck truly [VIN_REDACTED] the age. 13 years old but it's well under 50,000 miles.",RAM,1500,2013,STEERING,DIRECCION,general_complaint_candidate,general_symptom_description,,,pending_mechanical_review,,
NHTSA-REV-016,"The steering assist reduced alert popped up on the tesla screen. While attempting to turn into a parking garage, a ""steering assist reduced"" alert suddenly appeared on the tesla screen, and the steering wheel locked up/became extremely heavy and unable to steer left or right. Because the steering assist failed in active traffic at the entrance, the vehicle was temporarily stranded, exposing to oncoming traffic and created an immediate risk. Failed component: electronic power-assisted steering (EPAs) rack and steering gear assembly. The failed component was replaced by Tesla and is not available for personal inspection. Safety risk: The sudden loss of steering ability in active traffic prevented normal maneuvering, forcing the vehicle into a hazardous position where passing vehicles could have collided with it. The issue was confirmed by Tesla Service, who performed a full steering rack [VIN_REDACTED]. The vehicle was inspected and repaired directly by the manufacturer (Tesla Service Center). There were no warning lights or symptoms prior to the incident; the failure and ""steering assist reduced"" error appeared abruptly during the turn.",TESLA,MODEL 3,2020,STEERING,DIRECCION,general_complaint_candidate,general_symptom_description,,,pending_mechanical_review,,
NHTSA-REV-017,Bad thermostat causing power steering to go out and lose AC.,GMC,ACADIA,2017,STEERING,DIRECCION,general_complaint_candidate,general_symptom_description,,,pending_mechanical_review,,
NHTSA-REV-018,"After driving through a heavy downpour, power steering cut out intermittently. The next day, it became full inoperable. Repair shop initially suggested letting the controls ""dry out"". When that was unsuccessful, the shop suggested taking it to a dealer, stating that the entire rack and pinion assembly needs to be replaced. I took it to a dealer, and they claimed the assembly failed, need to be replaced, and was on a 45-day minimum back order.",RAM,1500,2018,STEERING,DIRECCION,general_complaint_candidate,general_symptom_description,,,pending_mechanical_review,,
NHTSA-REV-019,"The contact owns a 2026 Honda CR-V. The contact stated that while driving 40 MPH, the steering wheel locked up, and significant effort was needed to turn the steering wheel. There were 2 green parallel lines illuminated on the instrument panel above the odometer with the steering wheel warning light illuminated in the far-right corner during the failure. The failure was a recurring failure. The dealer was contacted but was unable to duplicate the failure. The failure mileage was approximately 8,750.",HONDA,CR-V,2026,STEERING,DIRECCION,symptom_detail_candidate,high_symptom_detail,,,pending_mechanical_review,,
NHTSA-REV-020,Steering wheel makes a clicking noise. the internal steering rack or the cable reel (clock spring) behind the wheel.,HONDA,PILOT,2026,STEERING,DIRECCION,symptom_detail_candidate,high_symptom_detail,,,pending_mechanical_review,,
NHTSA-REV-021,"I am filing this formal complaint regarding a severe, recurring, and catastrophic electrical and vehicle control system failure in my 2017 Chevrolet Trax. On multiple occasions while driving at highway speeds (70+ mph), the vehicle experienced simultaneous loss of critical safety and control systems—including power steering, traction control, and instrumentation displays—plunging the vehicle into a severe ""limp mode."" This sudden and unpredictable loss of control at high speeds presents an extreme safety hazard to myself, my passengers, and other drivers. CHRONOLOGY OF EVENTS & DEFECT PATTERN 1. Initial Intermittent Failures (Past 12 Months): The traction control light began activating intermittently and randomly without cause. A dealership reset temporarily cleared the issue, but it later returned. 2. Sensor System Failures (Approx. March 2026): All four Tire Pressure Monitoring System (TPMS) sensors began failing sequentially until complete loss of tire pressure telemetry across the dashboard. 3. First Major Highway Power Failure (July 2026): While traveling at [ADDRESS_REDACTED]: Simultaneous loss of Power Steering (requiring extreme manual steering effort at high speeds) and Traction Control. Check Engine Light illuminated. Instrumental cluster failed completely: digital tachometer and speedometer registered 0 RPM and 0 MPH while actively traveling at speed. Upon pulling off the highway, the vehicle entered a limp state, restricting speed to under 10 mph. After shutting off the engine, the vehicle's dashboard screen went entirely black/unresponsive upon re-attempting ignition. After sitting stationary for an extended period, the vehicle restarted, though the Check Engine Light remained illuminated. There is more to this but I ran out of characters to type it all so I'll include it with the files below. Thank you.",CHEVROLET,TRAX,2017,ELECTRICAL SYSTEM,ELECTRICO_ELECTRONICO,symptom_detail_candidate,high_symptom_detail,,,pending_mechanical_review,,
NHTSA-REV-022,My instrument cluster will dim to a nearly unreadable level at random times during the day. This appears to be a common and documented issue with Land Rover Defenders. I have seen a multitude of forum posts going back several years about this issue. There are no settings in the system that allow me to adjust this or prevent it from happening.,LAND ROVER,DEFENDER,2026,ELECTRICAL SYSTEM,ELECTRICO_ELECTRONICO,general_complaint_candidate,general_symptom_description,,,pending_mechanical_review,,
NHTSA-REV-023,"The exterior door handles on my 2021 Cadillac CT5 have experienced the same intermittent failure. The handles initially work intermittently and then become unable to release the door. The button on the inside of the door handle doesn't respond when pushed and that is the only way to get in the car without rolling the windows down or using the emergency key. I've seen many other forum posts about this so it seems to be a widespread issue across other models with the same electric door opener mechanism. This creates a serious safety concern for me because occupants may be unable to enter the vehicle normally, and emergency responders may be unable to access occupants through the affected doors. This appears to be a systemic defect affecting multiple CT5 vehicles, rather than an isolated component failure.",CADILLAC,CT5,2021,ELECTRICAL SYSTEM,ELECTRICO_ELECTRONICO,general_complaint_candidate,general_symptom_description,,,pending_mechanical_review,,
NHTSA-REV-024,"Odometer Fraud. The contact intended to purchase a 2018 Ram 2500. The contact discovered that there was a mileage discrepancy. The vehicle was a private sale. The advertised mileage was 130,200; however, a Carfax report displayed a mileage rollback, and the ECU listed the mileage at 200,220.",RAM,2500,2018,ELECTRICAL SYSTEM:INSTRUMENT PANEL:SPEEDOMETER/ODOMETER,ELECTRICO_ELECTRONICO,general_complaint_candidate,general_symptom_description,,,pending_mechanical_review,,
NHTSA-REV-025,"On 9/3/26, car completely shut down/went all black while we were parking. Car was towed to shop the next day. On 9/22/26, Ford told us the battery junction box is the issue and there is currently no ETA as the part is on back order because there is a national shortage on this part. Car has been in the shop for 19 days. Car payments and insurance payments are still being made. In the mean time, I am without a car.",FORD,EXPLORER,2021,ELECTRICAL SYSTEM,ELECTRICO_ELECTRONICO,general_complaint_candidate,general_symptom_description,,,pending_mechanical_review,,
NHTSA-REV-026,"My start/stop battery keeps dying , causing my regular battery to die !",JEEP,COMPASS,2020,ELECTRICAL SYSTEM,ELECTRICO_ELECTRONICO,general_complaint_candidate,general_symptom_description,,,pending_mechanical_review,,
NHTSA-REV-027,"The contact owns a 2021 Volvo XC90. The contact stated that while driving at various speeds and depressing the accelerator or the brake pedal, the vehicle hesitated with the check engine warning light illuminated. The dealer was contacted. The vehicle was taken to the dealer to be diagnosed, and it was determined that the electric rear axle drive system had failed and needed to be replaced. The contact stated that the failure occurred each time the vehicle was driven. The manufacturer was notified of the failure and informed the contact to continue driving the vehicle because the vehicle was safe to drive. The failure mileage was approximately 60,000.",VOLVO,XC90,2021,ELECTRICAL SYSTEM:PROPULSION SYSTEM:HYBRID MANAGEMENT:POWER CONTROL UNIT/MODULE (HPCU),ELECTRICO_ELECTRONICO,symptom_detail_candidate,high_symptom_detail,,,pending_mechanical_review,,
NHTSA-REV-028,"A 2024 Lexus RX 350 H 12 volt battery is discharging leaving owners stranded. AAA must be called to jump the battery. This has happened four times, each when opening car doors to clean the vehicle. From my understanding the battery discharges within 5 minutes leaving the auxiliary system without power and the inability to start the car. Not exactly sure what is causing the battery drain but vehicle becomes unable to move, open doors or move since drive train will not allow any movement. Owners have been stranded four times waiting on help. Dealer unsure of problem but exploring electrical issues, battery issues, software issues or unknown issues.",LEXUS,RX,2024,ELECTRICAL SYSTEM,ELECTRICO_ELECTRONICO,general_complaint_candidate,general_symptom_description,,,pending_mechanical_review,,
NHTSA-REV-029,"The fuel-filler door release/latch on my 2019 Nissan Rogue repeatedly fails to unlock. This problem has occurred intermittently for more than one year. When I stop to refuel, I sometimes have to press the fuel-door release button more than 30 times before the latch finally releases. There are no warning lights or messages before the failure. This could leave me stranded and unable to refuel the vehicle, including during an emergency or in an unsafe location. The vehicle is stationary when the failure occurs. There was no crash, fire, injury, or police report. The issue has not yet been confirmed by a Nissan dealer. The vehicle and failed component are available for inspection upon request.",NISSAN,ROGUE,2019,ELECTRICAL SYSTEM,ELECTRICO_ELECTRONICO,general_complaint_candidate,general_symptom_description,,,pending_mechanical_review,,
NHTSA-REV-030,Vehicle shut off while driving asking to shift into park to restart.,JEEP,WRANGLER,2023,ELECTRICAL SYSTEM,ELECTRICO_ELECTRONICO,symptom_detail_candidate,high_symptom_detail,,,pending_mechanical_review,,
NHTSA-REV-031,"I own a 2019 Honda CR-V and have repeatedly experienced brake-system warning lights, starting problems, a hard brake pedal and unexpected braking/deceleration. I repeatedly reported these concerns to East Coast Honda, asked them to inspect the brakes, and showed photos/videos of warning lights, but many of my complaints were not documented on my repair orders. While driving, my vehicle unexpectedly braked/[VIN_REDACTED] when there was no vehicle immediately in front of me, causing me to hit a curb. This was in July. On 9/16/26 at 52,113 miles, East Coast Honda finally documented that the electric parking brake warning was going on/off while driving along with the brake-system and battery lights. They found DTC U3003-16, Brake Booster Control Unit Power Circuit Low Voltage, and replaced the electric brake booster. During the same repair, the dealer performed a Honda CMBS software update. Their repair order states that American Honda identified an ADAS/CMBS software condition in which “unexpected vehicle deceleration may occur.” After the brake-booster repair, the vehicle was returned to me. It then would not start and the brake pedal became extremely hard, leaving my young son and me stranded. The dealer documented that the battery FAILED testing and replaced it under warranty again. This is my second battery in less than 2 years. I am concerned that the underlying brake/electrical safety defect has not been resolved. The vehicle is available for inspection. I have repair orders, photos, videos and voicemail evidence documenting these problems.",HONDA,CR-V,2019,SERVICE BRAKES,FRENOS,symptom_detail_candidate,high_symptom_detail,,,pending_mechanical_review,,
NHTSA-REV-032,"I noticed my car started to lose coolant, I checked my water pump and I saw there was a leak on of the hoses. Once I discovered that I also heard a tapping noise coming from the engine. I took it to my local Audi shop, and they discovered that my pistons were going bad. They told me I qualified for the extended piston skirt warranty for my car. While my car was in the shop they replaced all 6 of my pistons. When they told me my car was ready for pick up I picked up my call, drove it for 20 miles and my car started to make a louder tapping noise from the engine bay. I took it back to the dealership the following day they told me they were going to look into it to figure out the problem. Couple weeks go by and I finally get a phone call saying that they can’t do nothing that my car is making that noise due to “outside influence “ I am frustrated because I just had got the car barley drove it around and they are pointing the finger to as if I had to do something with the noise. They said everything now has to be be paid out of pocket. It has been a frustrating experience. Also when they did the whole brake down one of the techs noticed that the front calibers did not match the OEM calibers. It was smaller than OEM, we called the Audi dealership where I bought it from and they said it was sold as it is. We explained to them how that was a major hazard, but they told us it’s nothing they could do. Whoever did the safety inspection did not do there following job, I am just glad nothing has happened but it is a major concern. I have videos of the tapping noise after picking up my car, but it won’t let me upload to the files.",AUDI,SQ5,2021,SERVICE BRAKES,FRENOS,symptom_detail_candidate,high_symptom_detail,,,pending_mechanical_review,,
NHTSA-REV-033,"I was backing out of my driveway at 630 am this morning, September 21, 2026 when I heard what sounded like a loud crash. However, if anything had been in my car’s line of vision a beep would go off to alert me and that didn’t happen. I pulled back into my driveway to check if anything had somehow been behind me and then discovered I had no brakes! My driveway goes down a steep incline and I kept trying to apply my brakes to no avail and I crashed into some trees at the bottom of the driveway. I was not hurt and ran back up the driveway to make sure my car had not hit anyone or anything and there was nothing at all at the top of the driveway. I went back down and saw all the damage on my car: Front bumper and hood were smashed in as well as the driver’s side front and the passenger’s side front areas. I called the local police, my dealership where I leased this car, Patrick Motors in Shrewsbury, Ma, Subaru of American and my insurance agency, Liberty Mutual. At this time, I have nothing available to upload. I wanted to alert you to this situation because after I researched what happened to me and my 2024 Subaru Crosstek Wilderness Model this morning, I discovered that something called Reverse Automatic Braking (RAB) has frequently occurred with the Crossteks. I am fortunate that this happened to me in my own driveway and not going down any other street where I could have hit a person or vehicle or gone into a lake because the brakes stop working when RAB occurs!",SUBARU,CROSSTREK,2024,SERVICE BRAKES,FRENOS,symptom_detail_candidate,high_symptom_detail,,,pending_mechanical_review,,
NHTSA-REV-034,"The contact owns a 2026 Chevrolet Silverado 1500. While driving at an undisclosed speed, several brake warning lights illuminated on the instrument panel. The contact attempted to depress the brake pedal, and the brakes failed to respond as needed. The contact pumped the brake pedal continuously to bring the vehicle to a stop. The vehicle was then driven in LIMP Mode. The vehicle was taken to a dealer and was diagnosed with a brake control module failure, which was caused by an incorrect software version that had crashed the module. The manufacturer was notified of the failure. The failure mileage was 4,300.",CHEVROLET,SILVERADO 1500,2026,SERVICE BRAKES,FRENOS,symptom_detail_candidate,high_symptom_detail,,,pending_mechanical_review,,
NHTSA-REV-035,"INCIDENT: Pressed brakes but car [VIN_REDACTED]. STORY: I reversed out of a parking spot, turning so I could go to the right in parking lot. Put the car in drive and proceeded driving veering right in the parking lot. I pressed brake within 5 seconds of that but the [VIN_REDACTED] instead, so I released the brake, looked down to double check I wasn't losing my mind and confirmed, I was pushing the break when it [VIN_REDACTED], pressed it again but much lighter this time and it did [VIN_REDACTED] again as I veered to the right where there were no cars parked. I parked, turned off the car and then restarted it. I was not able to recreate the incident but also, no idea why it happened and scary to think what would have happened if I was on the highway or busy road. There were no lights/alerts that showed up when it happened. I plant to take it to dealership to check. And I have read other reports of owners having the same issue with this car.",HYUNDAI,PALISADE,2026,SERVICE BRAKES,FRENOS,general_complaint_candidate,general_symptom_description,,,pending_mechanical_review,,
NHTSA-REV-036,"While traveling on [XXX] from [XXX] to [XXX] XXX, I initiated the adaptive cruise control. While engaged, with no other vehicles or other impediments on the roadway in front of me, the emergency braking system engaged and attempted to stop the vehicle. The first time this happened, I pressed the accelerator which disengaged the braking action. Later I reengaged the cruise control and after a few minutes, with no traffic near the vehicle, the same action happened again. I disengaged the adaptive cruise control and drove the vehicle manually with no further problems. I have scheduled an examination of the vehicle with a Hyundai dealer but have read of 25-30 similar issues with no resolution by Hyundai. This is a safety issue that will eventually cause an accident and needs to be resolved.",HYUNDAI,SANTA FE,2023,SERVICE BRAKES,FRENOS,general_complaint_candidate,general_symptom_description,,,pending_mechanical_review,,
NHTSA-REV-037,"The contact owns a 2025 Chevrolet Traverse. While driving 5 MPH, the contact attempted to depress the brake pedal, but the vehicle failed to slow down. The message ""Limited Braking - No Assistance Braking"" was displayed. The vehicle was restarted, and the contact continued driving. The vehicle was taken to a dealer and was awaiting a diagnostic test. The contact was advised that the OnStar modules needed to be replaced, but the vehicle was not repaired. The failure mileage was 16,000.",CHEVROLET,TRAVERSE,2025,"SERVICE BRAKES, HYDRAULIC",FRENOS,symptom_detail_candidate,high_symptom_detail,,,pending_mechanical_review,,
NHTSA-REV-038,"Grinding plus vibration when you turn the wheels slightly and brake hard. Could be a stuck or dragging caliper, uneven pad wear, or a bent dust shield rubbing the rotor. Might be bolts that weren’t tightened right on the brake and suspension parts.",VOLKSWAGEN,ATLAS,2025,SERVICE BRAKES,FRENOS,general_complaint_candidate,general_symptom_description,,,pending_mechanical_review,,
NHTSA-REV-039,"The contact owns a 2023 Kia Sportage. The contact stated that while driving 30 MPH, the message ""Brake Carefully"" was displayed. The contact slightly depressed the brake pedal to test the brakes and continued driving; however, the vehicle lost motive power. The vehicle was towed to an independent mechanic, where the contact was informed that the failure was an electrical issue. The vehicle was then towed to a dealer, where it was diagnosed and DTC: P1BB200 was retrieved. The contact was informed that the hybrid braking system had failed and needed to be replaced. The vehicle was repaired. The contact associated the failure with NHTSA Campaign Number: 23V410000 (Service Brakes, Hydraulic). The manufacturer was notified of the failure. The failure mileage was 43,000.",KIA,SPORTAGE HYBRID,2023,"SERVICE BRAKES, HYDRAULIC",FRENOS,symptom_detail_candidate,high_symptom_detail,,,pending_mechanical_review,,
NHTSA-REV-040,"2022 Lexus NX 350h, VIN [VIN_REDACTED]. On multiple documented occasions since 2022, while backing up, the vehicle's rear camera/backup system has detected an object that was not present and automatically applied the emergency brake, causing a sudden hard stop with no actual obstruction — at least 7 times per dealer records (repair orders dated 8/11/2022 and 7/19/2023, Lexus of Riverside), including once with my child in the vehicle. The dealer was unable to duplicate or repair the condition on either visit. Separately, the vehicle has twice become inoperative and trapped me inside — once in April 2025 near 100°F outside [VIN_REDACTED], and once in November 2025 for over an hour, requiring AAA to replace the battery. I'm concerned this vehicle poses an ongoing safety risk from unpredictable automatic braking and electrical/lock malfunctions.",LEXUS,NX,2022,SERVICE BRAKES,FRENOS,general_complaint_candidate,general_symptom_description,,,pending_mechanical_review,,
NHTSA-REV-041,"In 2025 I had my camshaft replaced by Fox Valley VW of [XXX]. They completed work on my camshaft with a misfire notification of cylinders 2, 4 and 6. Most recently, our sedona had a head gasket blow resulting in it needing a full [VIN_REDACTED] of the long block assembly. This was determined by the Kia Service Center of McGraf Kia on [XXX]. My vehicle has the 3.3L Lambda engine in which Kia extended the warranty on the head bolts and head gaskets. (Kia Campaign WTY035 and [XXX]). During our ownership, my husband and I kept up with all regular maintenance; oil changes with the proper oil, measuring our fluid levels, changing brakes etc. Our coolant never needed to be topped off until our engine stalled and died on a regular drive home. Our engines internal [VIN_REDACTED] never increased beyond reasonable/expected levels even in the heat of the summer. Our check engine light came on twice during our ownership, during the initial cam shaft repair and now, the blown gasket. My husband was driving the car home from work, as normal, on Wednesday XXX. He came to a full stop, [VIN_REDACTED] and heard a pop and the vehicle couldn’t accelerate to full speed. He was able to safely make it home, where it promptly died in our drive when he shifted to “Park”. The camshaft repair is important context because it was a warranty job, so it had to be approved by an insurance agent. The agent deemed our vehicle and engine well maintained and approved the warranty coverage. Our vehicle is now sitting at Kia in [XXX] with a $7600 repair that we, the owners, feel was no fault of our own. Please consider the current extended warranties WTY035 and WTY039 as evidence of the history of this issue and I have attached the past and current invoice and quote, including the detailed notes from the mechanics. Thank you for your consideration at this time.",KIA,SEDONA,2019,ENGINE,MOTOR,general_complaint_candidate,general_symptom_description,,,pending_mechanical_review,,
NHTSA-REV-042,Can smell gas fumes after filling gas tank. Had independent shop analyze problem and codes indicated a cracked fuel pump module. This is a serious hazard because fuel can leak onto exhaust or heat shield and cause a fire. GM currently has a Special Coverage Program #17469 for 2014-2017 corvette. My 2019 corvette has the exact same issue and should be covered under Program #17469. My corvette has only 23000 miles.,CHEVROLET,CORVETTE,2019,FUEL/PROPULSION SYSTEM,MOTOR,symptom_detail_candidate,high_symptom_detail,,,pending_mechanical_review,,
NHTSA-REV-043,9/22/2026- the car idle stop failed to restart at a intersection. 9/23/2026- the car did not start after stopping to get gas. I have not taken it to the dealer yet. Will do it as soon as I get a chance. When the idle stop fails the car shift into parking and only the accessories are on.,HONDA,ODYSSEY,2025,ENGINE,MOTOR,symptom_detail_candidate,high_symptom_detail,,,pending_mechanical_review,,
NHTSA-REV-044,"vehicle has been to the dealership many times for issues with the engine and burning oil, we have brought it in to chevy wallace dealer for all this and have paperwork for all this, however torque convertor has been replaced 2x in one year due to faulty parts. the dealeership finally told us that the afm lifters cause the engine to go and needed a engine [VIN_REDACTED]. my wife has been so upset over this matter because she loved the truck. all this has been inspected by dealer so many times and we kept geting the run around. we had multiple check engine lights and misfire codes. then the last straw was when the engine had a horrible knocking noise which we have on video.now that she traded the truck in because dealer said it was not covered under warranty because it lapsed by 1 month we had to get a different vheicle due to knowbody helping us and now were screwed with a insane payment. we have been dealing with this for a few years and no help from chevy even with a extended warranty that covered it all. i am not asking for the world but chevy has to be responible for something. my wife really needs help with this we lost a damn nice truck and want some kind of compinsation for it",CHEVROLET,SILVERADO 1500,2019,ENGINE,MOTOR,symptom_detail_candidate,high_symptom_detail,,,pending_mechanical_review,,
NHTSA-REV-045,"The vehicle developed a recurring cylinder #4 misfire with a flashing check-engine light, rough running, and reduced performance. Diagnostic code P0304 repeatedly returned. Replacing the #4 spark plug temporarily restored normal operation, but the misfire returned after a few hundred miles. The #4 plug was wet/oily, and fresh oil was found pooled in the #4 intake port while the other ports were dry. All eight spark plugs, ignition coils, and plug wires were replaced, along with the #4 fuel injector and both #4 valve-stem seals, but the misfire persisted. A valvetrain/lifter tick later became audible near 3,000 RPM. The failure has now been confirmed as a valvetrain failure that severely damaged/destroyed cylinder #4 and requires complete engine [VIN_REDACTED]. The vehicle is available for inspection upon request. This defect creates a serious risk of severe misfire, loss of engine performance, or complete engine failure while driving.",GMC,YUKON,2015,ENGINE,MOTOR,general_complaint_candidate,general_symptom_description,,,pending_mechanical_review,,
NHTSA-REV-046,"We have to add 1-2 quarts of oil every 600 miles. Our check engine light came on 02/2026 for carbon buildup. We had it cleaned, had timing chain replaced, piston rings, oil valves, manifold. Cost us $5300. The car ran fine before the light came on and all of a sudden it started making grinding noises and idling rough. We change the oil every 3,000 miles and the car burns through oil constantly. Our car stalled [ADDRESS_REDACTED]’s causing emotional and financial distress. There are multiple lawsuits pending for this but something needs done. This is exhausting.",VOLKSWAGEN,TIGUAN,2018,ENGINE,MOTOR,general_complaint_candidate,general_symptom_description,,,pending_mechanical_review,,
NHTSA-REV-047,Vehicle shuts of sporadically when idling and requires restart by pressing ignition button.,VOLKSWAGEN,ATLAS,2022,FUEL/PROPULSION SYSTEM,MOTOR,general_complaint_candidate,general_symptom_description,,,pending_mechanical_review,,
NHTSA-REV-048,Engine failure. Tahoe lost all power on the interstate going 70mph. Was able to get it to the side of the road and restart it. Engine started knocking and became undriveable.,CHEVROLET,TAHOE,2024,ENGINE,MOTOR,general_complaint_candidate,general_symptom_description,,,pending_mechanical_review,,
NHTSA-REV-049,"The contact owns a 2023 GMC Sierra 1500. The contact stated that while driving 70 MPH, the engine seized, causing the vehicle to stall and lose motive power in the middle of the interstate. The vehicle was unable to restart and was towed by OnStar service. The vehicle was towed to the dealer, where it was diagnosed with engine failure. The contact was informed that the engine needed to be replaced. The vehicle was scheduled to be repaired by the dealer. The manufacturer was made aware of the failure by the dealer.",GMC,SIERRA 1500,2023,ENGINE,MOTOR,symptom_detail_candidate,high_symptom_detail,,,pending_mechanical_review,,
NHTSA-REV-050,"Truck for about the 6th time in 2 weeks, shut its self off while driving and slams into park. This has happened before and had to be towed to dodge because it wouldn’t restart. I told them what happened and they informed me it was low on fuel, that’s why it did it. But I was doing 60mph on a interstate and lost all power",RAM,1500,2022,ENGINE,MOTOR,general_complaint_candidate,general_symptom_description,,,pending_mechanical_review,,
NHTSA-REV-051,"The contact owns a 2011 Ford F-350. The contact stated while reversing, the vehicle failed to accelerate as intended while depressing the accelerator pedal. The contact stated that the vehicle stalled and failed to restart. There was no warning light illuminated. The contact stated that an independent mechanic arrived at the residence however, the vehicle failed to restart. The vehicle was towed to an independent mechanic. The contact was informed that the high-pressure fuel pump had failed, and the fuel system needed to be replaced. The vehicle was not repaired. The manufacturer was notified of the failure but denied assistance in covering the cost of the repair. The failure mileage was approximately 200,000.",FORD,F-350,2011,"FUEL SYSTEM, DIESEL",MOTOR_DIESEL_DPF,symptom_detail_candidate,high_symptom_detail,,,pending_mechanical_review,,
NHTSA-REV-052,"The contact owns a 2020 Ford F-250 SD. The contact stated that the vehicle was repaired under NHTSA Campaign Number: 24V957000 (Fuel System, Diesel); however, while driving 40 MPH approximately two months later, the vehicle was running rough and stalled. The check engine warning light was illuminated. The contact pulled over to the side of the road. The vehicle was towed to a dealer, where it was diagnosed with a high-pressure fuel pump failure, causing the fuel system to become contaminated. The dealer determined that the fuel system needed to be replaced. The dealer submitted a diagnostic report to the manufacturer. The contact notified the manufacturer of the failure, and a case was filed. The vehicle was not repaired and was pending the manufacturer's decision regarding the coverage of the repair. The failure mileage was approximately 103,000.",FORD,F-250 SD,2020,"FUEL SYSTEM, DIESEL",MOTOR_DIESEL_DPF,symptom_detail_candidate,high_symptom_detail,,,pending_mechanical_review,,
NHTSA-REV-053,"The contact owns a 2020 Ford F-450. The contact stated that after starting the vehicle, the engine ran for several minutes before the vehicle independently shut off. No warning lights were illuminated. The contact attempted to restart the vehicle however, the vehicle failed to start. The vehicle was towed to the residence. The local dealer was contacted; however, the vehicle was not diagnosed or repaired. The contact referenced NHTSA Campaign Number: 24V957000 (FUEL SYSTEM, DIESEL) as probable cause for the failure. The manufacturer was not notified of the failure. The approximate failure mileage was 184,000.",FORD,F-450,2020,"FUEL SYSTEM, DIESEL",MOTOR_DIESEL_DPF,general_complaint_candidate,general_symptom_description,,,pending_mechanical_review,,
NHTSA-REV-054,"The contact owns a 2015 Jeep Grand Cherokee. The contact stated that while driving 25 MPH, the message ""Low Fuel Pressure"" was displayed, and the vehicle stalled in the middle of the road. The vehicle failed to restart and was pushed to the side of the road with the assistance of the spouse. The vehicle was towed to the dealer, where it remained for 10 days before being diagnosed with a high-pressure fuel pump failure. The dealer determined that the high-pressure fuel pump and an unknown pump needed to be replaced. The contact associated the failure with NHTSA Campaign Number: 22V406000 (Fuel System, Diesel); which was performed on the vehicle two years before the failure. The vehicle was not repaired. The manufacturer was made aware of the failure and denied assistance. The failure mileage was approximately 170,000.",JEEP,GRAND CHEROKEE,2015,"FUEL SYSTEM, DIESEL",MOTOR_DIESEL_DPF,general_complaint_candidate,general_symptom_description,,,pending_mechanical_review,,
NHTSA-REV-055,"The contact owns a 2020 FORD F-350. The contact stated while driving at an undisclosed speed, he had a loss of motive power and check engine warning light was illuminated when driving, almost causing an accident due to not being able to accelerate. The vehicle was taken to a dealer where it was diagnosed to have metal shavings in the combustion system. The contact received notification of NHTSA Campaign Number: 24V957000 (FUEL SYSTEM, DIESEL); however, the SSSC (Special Service Center assistance request) was declined by Ford agency (SSSC), due to the issue not having metal shavings although the dealer technician stated there were shavings. The vehicle was not repaired. The manufacturer was not notified of the failure. The failure mileage was 126,136.",FORD,F-350 SD,2020,"FUEL SYSTEM, DIESEL",MOTOR_DIESEL_DPF,symptom_detail_candidate,high_symptom_detail,,,pending_mechanical_review,,
NHTSA-REV-056,"The contact's husband owns a 2022 Ford F-350 SD. The contact stated that while depressing the accelerator pedal, the vehicle lost motive power with the check engine warning light displayed on the instrument panel. The vehicle was taken to the dealer where a diagnostic test was performed, and the contact was informed that the high-pressure fuel pump (HPFP) needed to be replaced. The contact initially assumed that the vehicle would be covered under warranty; however, the warranty did not cover the repair. The contact was then referred to the manufacturer for assistance. The manufacturer referred the contact to the NHTSA Hotline to report the failure. The vehicle was repaired out of pocket. The failure mileage was approximately 140,000.",FORD,F-350 SD,2022,"FUEL SYSTEM, DIESEL",MOTOR_DIESEL_DPF,symptom_detail_candidate,high_symptom_detail,,,pending_mechanical_review,,
NHTSA-REV-057,"The contact owned a 2023 Ford F-250 Super Duty. The contact stated that while driving at 35 MPH, the engine seized. The contact was able to coast to the side of the road. The contact exited the vehicle and noticed flames were emitting from under the hood and wheel well. No warning lights were illuminated. The contact did not sustain any injuries. The police and fire department were called to the scene. The fire department extinguished the flames. The contact suspected that the fire started near the fuel pump. The vehicle was towed to a tow yard. The contact attempted to tow the vehicle out of the towing yard, and the towing company refused to release the vehicle to the contact. The manufacturer was notified of the fire and informed the contact that the vehicle was in their possession and was at an unknown location. The insurance company was notified about the fire. The contact stated that it was unclear if the vehicle was insured. The failure mileage was 44,000.",FORD,F-250 SD,2023,"FUEL SYSTEM, DIESEL",MOTOR_DIESEL_DPF,general_complaint_candidate,general_symptom_description,,,pending_mechanical_review,,
NHTSA-REV-058,"Parts Not Available Complaint: The contact owns a 2021 Ford F-550. The contact received notification of NHTSA Campaign Number: 24V957000 (FUEL SYSTEM, DIESEL) however upon having the vehicle diagnosed by a local dealer where the following code was displayed ""P2291"" The contact was advised that because of the code displayed that the remedy would not be performed. The vehicle was taken to a second dealer where the contact was advised that because the code had been wiped by the previous dealer that the remedy would not be performed. The contact emphasized that they do not feel safe driving the vehicle without the remedy being completed. The contact had not experienced a failure. The manufacturer was made aware.",FORD,F-550 SD,2021,"FUEL SYSTEM, DIESEL",MOTOR_DIESEL_DPF,general_complaint_candidate,general_symptom_description,,,pending_mechanical_review,,
NHTSA-REV-059,Fuel pump keeps on failing I replaced it 3 time.,HYUNDAI,ELANTRA,2020,"FUEL SYSTEM, DIESEL:DELIVERY:FUEL PUMP",MOTOR_DIESEL_DPF,general_complaint_candidate,general_symptom_description,,,pending_mechanical_review,,
NHTSA-REV-060,"The contact owns a 2019 Honda Odyssey. The contact stated that the vehicle was purchased with a Salvage Title. The contact was informed by the seller that there was an unknown diagnostic trouble code for a misfire. The contact was informed that the failure was due to a failure with a fuel injector. No warning light was illuminated. The vehicle was not taken to the dealer or an independent mechanic. The vehicle was pending repair from the prior owner. The manufacturer was not notified of the failure. The failure mileage was approximately 74,000.",HONDA,ODYSSEY,2019,"FUEL SYSTEM, DIESEL:FUEL INJECTION SYSTEM:INJECTORS",MOTOR_DIESEL_DPF,symptom_detail_candidate,high_symptom_detail,,,pending_mechanical_review,,
NHTSA-REV-061,"WHILE GETTING ON INTERSTATE MY 2017 EXPEDITION EL 4X4 WAS SHIFTING AND COMING UP TO HIGHWAY SPEED , WHEN IT SEEMED TO RUN ROUGH AND FELT LIKE IT MISSED A SHIFT. I LET OFF GAS PEDAL, ENGINE ROUGHNESS TEMPORARILY WENT AWAY. NOW I'M GETTING CLOSER TO GETTING ON HIGHWAY , APPLIED GAS AGAIN AND ENGINE GOT ROUGH RUNNING AGAIN AND TOOL SYMBOL APPEARED ON DASH . I LOST ALL ACCELERATION AND POWER TO WHEELS WHILE TRYING TO ENTER AN INTERSTATE. VERY DANGEROUS AND LIFE THREATENING IF I DID NOT HAVE A LONG SHOULDER TO PULL OFF ON. PULLED OVER STOPPED ENGINE. LET SIT FOR 5 OR SO MINS. STARTED UP AND TOOL SYMBOL WAS GONE. GOT ON HIGHWAY UP TO SPEED THIS TIME THEN SAME THING HAPPENED AGAIN. ROUGH RUNNING , LOST ALL POWER TO WHEELS, TOOL SYMBOL APPEARED AGAIN BUT GOT THE CHECK ENGINE LIGHT THIS TIME. LUCKILY I WAS PASSING AN EXIT AND HAD TIME TO GET OFF INTERSTATE 77 BEFORE I GOT RUN OVER FROM BEHIND. STOPPED N RESTARTED. GOT TRUCK TO MY MECHANIC AND THEY PULLED A THROTTLE BODY CODE ON THE TRUCK. I HAD THEM RESET CODE TO SEE IF IT HAPPENS AGAIN BECAUSE I HAVE AN ALLY EXTENDED WARRANTY WHICH WE'LL SEE HOW USING THAT GOES. I AM DRIVING TRUCK WITH LESS ISSUES TRYING TO GET CODE TO APPEAR AGAIN TO TAKE TO DEALER FOR A FIX. HAVE GOTTEN THE TOOL LIGHT TO COME ON 2X BUT NO CHECK ENGINE YET.",FORD,EXPEDITION,2017,VEHICLE SPEED CONTROL:THROTTLE:ACTUATOR/STEPPER MOTOR,REVISAR_MANUALMENTE,symptom_detail_candidate,high_symptom_detail,,,pending_mechanical_review,,
NHTSA-REV-062,"TL* THE CONTACT OWNS A 2016 TRIUMPH TROPHY. THE CONTACT STATED THAT AFTER STOPPING THE MOTORCYCLE AND ATTEMPTING TO GET OFF OF THE MOTORCYCLE, THE MAIN STAND COLLAPSED. THE CONTACT INDICATED THAT AFTER THE FAILURE OCCURRED, THE MOTORCYCLE ONLY THING HOLDING UP THE MOTORCYCLE WAS THE KICK STAND. THE CAUSE OF FAILURE WAS NOT DETERMINED. ADDITIONALLY, AFTER RESTARTING MOTORCYCLE, THE CHECK ENGINE LIGHT ILLUMINATED. THE MANUFACTURER AND LOCAL DEALER SPIRIT INDIAN MOTORCYCLE OF SAN JOSE LOCATED AT [ADDRESS_REDACTED][POSTAL_CODE_REDACTED] WERE NOTIFIED OF THE FAILURE. THE FAILURE MILEAGE WAS 12,000.",TRIUMPH,TROPHY SE A1,2016,STRUCTURE:MOTORCYCLE:KICKSTAND/CENTER STAND,REVISAR_MANUALMENTE,general_complaint_candidate,general_symptom_description,,,pending_mechanical_review,,
NHTSA-REV-063,"TL* THE CONTACT OWNS A 2012 TOYOTA RAV4. THE CONTACT STATED WHILE THE VEHICLE WAS RECEIVING ROUTINE MAINTENANCE AT FRED ANDERSON TOYOTA ([ADDRESS_REDACTED][POSTAL_CODE_REDACTED], ([PHONE_REDACTED]) THE CONTACT WAS INFORMED THAT THERE WAS A CRACK IN THE WINDSHIELD WIPER RESERVOIR. THE CONTACT WAS INFORMED THAT THE WINDSHIELD WIPER MOTOR PUMP WAS DEFECTIVE AND NEEDED TO BE REPAIRED. THE VEHICLE WAS NOT REPAIRED. THE LOW WINDSHIELD WASHER FLUID WARNING LIGHT WAS ILLUMINATED. THE MANUFACTURER WAS NOT CONTACTED. THE FAILURE MILEAGE WAS 150,000.",TOYOTA,RAV4,2012,VISIBILITY:REAR WINDOW WIPER/WASHER:MOTOR,REVISAR_MANUALMENTE,symptom_detail_candidate,high_symptom_detail,,,pending_mechanical_review,,
NHTSA-REV-064,"I WAS DRIVING ON A SMALL HIGHWAY (2 TIMES) AND A NEIGHBORHOOD STREET (1 TIME) GOING 25 MPH ([ADDRESS_REDACTED]) OR MORE WHEN ALL OF THE SUDDEN I WAS UNABLE TO ACCELERATE. MY CAR SEEMED TO SHIFT INTO A DIFFERENT DRIVE WITH THE WAY IT FELT AND SOME SHAKING. I WOULD PUSH THE PEDAL TO THE FLOOR AND NOTHING WOULD HAPPEN. I HAD TO COAST INTO A PARKING LOT TWICE OFF OF A BUSY ROAD WITH MY CHILDREN IN THE CAR. WHEN THE CAR WAS TURNED OFF AND THEN BACK ON IT WAS AS IF NOTHING EVER HAPPENED AND RAN FINE SO THAT I COULD DRIVE HOME. I HAD A MECHANIC DO A DIAGNOSTIC AND NO CODES FOR THIS INCIDENT WHERE STORED OR PRESENT. THE THIRD TIME IT HAPPENED I DID NOT SHUT THE CAR OFF UNTIL SOMEONE COULD COME AND RUN A DIAGNOSTIC WHICH READ THE CODE P2112, THROTTLE ACTUATOR, CONTROL SYSTEM STUCK? REPLACED THE THROTTLE BODY. THIS LAST TIME IT HAPPENED, I HAD TO CROSS TWO LANES OF BUSY MORNING WORK TRAFFIC IN ORDER TO GET TO A PARKING LOT.",FORD,EXPEDITION,2016,VEHICLE SPEED CONTROL:THROTTLE:ACTUATOR/STEPPER MOTOR,REVISAR_MANUALMENTE,symptom_detail_candidate,high_symptom_detail,,,pending_mechanical_review,,
NHTSA-REV-065,"WHEN PULLING OUT INTO HEAVY TRAFFIC ON A DIVIDED FOUR LANE ROAD, THE VEHICLE SUDDENLY LOST POWER AND WENT INTO LIMP MODE ALMOST CAUSING A SERIOUS ACCIDENT. THE CHECK ENGINE LIGHT CAME ON AND THE CODE WAS LATER TO BE DETERMINED P2112 THROTTLE ACTUATOR A CONTROL SYSTEM STUCK CLOSED. AFTER RESEARCHING THE ISSUE IT WAS APPARENT THAT THE FORD 3.5 ECOBOOST MOTOR HAS QUITE A HISTORY OF THESE TYPE FAILURES. OFTEN DRIVER SAFETY IS COMPROMISED AS THE VEHICLE SUDDENLY AND WITHOUT WARNING WILL LOSE POWER JUST WHEN YOU NEED IT. THE FIX IS TO INSTALL A NEW THROTTLE BODY WITH ELECTRONIC ACTUATOR.",FORD,EXPEDITION,2015,VEHICLE SPEED CONTROL:THROTTLE:ACTUATOR/STEPPER MOTOR,REVISAR_MANUALMENTE,general_complaint_candidate,general_symptom_description,,,pending_mechanical_review,,
NHTSA-REV-066,Helmet strap retention hardware has rusted badly in under 20 wearings. Strength is compromised. This is the hardware the buckles the helmet and attaches the straps to the shell.,FLY RACING,MOTORCYCLE HELMET,9999,EQUIPMENT:MOTORCYCLE:HELMETS,REVISAR_MANUALMENTE,general_complaint_candidate,general_symptom_description,,,pending_mechanical_review,,
NHTSA-REV-067,"The contact's parents own a 2015 Ford Escape. The contact stated while driving at an undisclosed speed the vehicle stalled with the service engine warning light illuminated. The vehicle was slow to restart. The contact stated that when the accelerator pedal was depressed, the vehicle hesitated to respond. The vehicle was taken to an independent mechanic who retrieved Diagnostic Trouble Code: P2112 (Throttle Actuator Stuck Closed). The vehicle was taken to the local dealer but was not diagnosed or repaired. The manufacturer was not notified of the failure. The manufacturer was not contacted. The failure mileage was approximately 117,000.",FORD,ESCAPE,2015,VEHICLE SPEED CONTROL:THROTTLE:ACTUATOR/STEPPER MOTOR,REVISAR_MANUALMENTE,symptom_detail_candidate,high_symptom_detail,,,pending_mechanical_review,,
NHTSA-REV-068,"The contact owns a 2026 Harley-Davidson FLHC. The contact stated that while the motorcycle was parked with the kickstand extended, the kickstand failed, causing the motorcycle to fall over shortly after being purchased brand new. The motorcycle was taken to the dealer but could not be diagnosed. The motorcycle was not repaired. The manufacturer was not notified of the failure. The failure mileage was 114.",HARLEY-DAVIDSON,FLHC,2026,STRUCTURE:MOTORCYCLE:KICKSTAND/CENTER STAND,REVISAR_MANUALMENTE,general_complaint_candidate,general_symptom_description,,,pending_mechanical_review,,
NHTSA-REV-069,"The contact owns a 2018 Honda Pilot. The contact stated that there was no windshield washer fluid coming from the nozzle while attempting to clean the windshield. The contact stated that while driving approximately 25 MPH, the contact heard an abnormal sound coming from the vehicle with the windshield washer fluid warning light illuminated. While attempting to replenish the washer fluid reservoir the windshield washer fluid was spilling. The contact took the vehicle to a dealer where he was informed that the windshield washer motor system needed to be replaced; however, the parts to repair the system were on backorder. The manufacturer had yet to be notified of the failure. The vehicle had yet to be repaired. The failure mileage was approximately 40,000.",HONDA,PILOT,2018,VISIBILITY:WINDSHIELD WIPER/WASHER:MOTOR,REVISAR_MANUALMENTE,symptom_detail_candidate,high_symptom_detail,,,pending_mechanical_review,,
NHTSA-REV-070,"On July 4th, 2026 we were driving home in a storm. The windshield wipers failed while in the automatic setting, completely shutting off, creating a safety hazard. We pulled to the side of the road and restarted the vehicle. Afther the reboot they had resarted, but agian failed within ten minutes. We pulled over again giving the car more time to cool/reset and contacted BMWs internal SOS service. They could not hear due to the rain coming down on the car. Eventually we were able to proceed home with the wipers on a low setting. We took the vehicle to the dealership. They were unable to reproduce the defect, calling it an anomally in one video. The BMW techs are the only one to have inspected the vehicle. As for warnings, there were none. It was just a system failure mid-storm with no proceeded or forwarned error codes.",BMW,I4,2024,VISIBILITY:WINDSHIELD WIPER/WASHER:MOTOR,REVISAR_MANUALMENTE,general_complaint_candidate,general_symptom_description,,,pending_mechanical_review,,
NHTSA-REV-071,"Goodyear Wrangler TrailRunner AT, Size LT275/65/ R20 Load Range E DOT #1RJ0TJB1V2322 While driving on the highway (approx. 65-70 MPH) the center tread of the rear driver-side tired suddenly and completely delaminated/separated from the casing without warning. The only warning was a second of vibrations right before the failure. The tire-maintained inflation pressure during and after the tread separated, proving the structural integrity of the casing waws intact and that this was not caused by a puncture, blowout or road hazard. It was a catastrophic chemical adhesion bond failure between the tread rubber and the steel belt package. My safety and the safety of other motorists on the highway were put at extreme risk. When the steel-belted tread separated at high speed, it acted as a spinning whip, causing a violent vibration and severe handling instability that nearly caused a loss of vehicle control. The flailing treat slapped the vehicle body repeaedly before ripping completely free, causing extensive structural and cosmetic damage to the truck. It tore off the fender flares entirel, severely gouged and dented the painted metal tailgate, broke the passenger-side taillight, damaging the passenger cab door. The debris shedding onto the highway created an immediate, severe hazard for vehicle traveling behind me. The vehilve and the failed tire casing are currently preserved and available for immediate inspection. A local tire service center examined the tire and confirmed the structural casing was uncompromised and holding air, pointing heavily to an internal factory/ manufacturing defect. We also have pictures of the truck, along with pictures of the tire still on the rim.",CHEVROLET,SILVERADO 2500,2022,TIRES,SUSPENSION_CHASIS,general_complaint_candidate,general_symptom_description,,,pending_mechanical_review,,
NHTSA-REV-072,"Within 30k miles, Front passinger control arm bushings required [VIN_REDACTED] due to bushing failure resulting in uneven tire ware. By 35k miles, the front driver lower control arm also had the same issue effecting steering and uneven tire ware.",SUBARU,FORESTER,2017,SUSPENSION,SUSPENSION_CHASIS,general_complaint_candidate,general_symptom_description,,,pending_mechanical_review,,
NHTSA-REV-073,"My 2023 Tesla Model Y suffered a critical factory safety defect: under-torqued front suspension lateral link bolts, causing dangerous clunking noises under Autopilot. The official Tesla Invoice verified the defect and noted it was re-torqued to spec. Crucially, a close friend owning an identical 2023 Model Y in [XXX] experienced the exact same suspension noise. Upon inspecting his car, the Littleton facility attempted to exploit his lack of information by issuing a deceptive out-of-pocket diagnosis estimate of $240.00 instead of honoring the active bumper-to-bumper warranty. Tesla only backed down and waived the fee to $0.00 after being confronted with my personal repair invoice as leverage. This proves Tesla is actively executing predatory billing and hiding a systemic batch safety hazard from uninformed consumers. Regulatory investigators can verify this pattern by auditing the Littleton Service Center's internal torque check logs and warranty waiver histories for 2023 Model Y vehicles. Furthermore, after touchless app-pickup on XXX, Tesla staff omitted any key card communication. Two weeks later, after discovering my physical key cards were missing, I initiated a brand-new service request to inquire, and agent Tony admitted they were left at the front desk, exposing that Advisor Luis Rodriguez falsified records on XXX by logging that the vehicle was retrieved on XXX. This constitutes bad-faith warranty denial, record alteration, and predatory consumer deception. I formally reported this severe failure directly to Tesla Global Compliance on XXX, but have received absolutely zero response to date. Full PDF report of my personal logs provided.",TESLA,MODEL Y,2023,SUSPENSION,SUSPENSION_CHASIS,symptom_detail_candidate,high_symptom_detail,,,pending_mechanical_review,,
NHTSA-REV-074,"XXXX purchased BFS weather peak tires from Costco Tire Center in [XXX]. Tires have 70,000 mile [XXX]. Took my Honda Odyssey Touring into get and oil change and have the tires rotated: Honda of [XXX] stated they could not rotate the tires because it was not safe to do so. LF tire and RF tire measure at 3/32 back measure at 4/32. They said it would not be safe to rotate the tires do to the depth of the tread on the front tires. I took the tires back to Costco to have a warranty claim filed and to get them replace. 70,000 mile tires on lasting 34010 miles. Tires 70,000 Miles tread wear breakdown. My Van had 35,746 miles on it when I got the tires. Then at 69,756 the 15 point inspection deemed the tires requiring immediate attention and in need of [VIN_REDACTED] after only 34,010 miles.",UNKNOWN,UNKNOWN,9999,TIRES:TREAD/BELT,SUSPENSION_CHASIS,general_complaint_candidate,general_symptom_description,,,pending_mechanical_review,,
NHTSA-REV-075,"Both of my upper ball joints wore out and one broke as I was driving down the road at 65 miles an hour pulling me into the on coming lane of traffic, there was no warning of this. I had both upper and lower ball joint replace. If there had been another vehicle coming in the on coming lane we would have had a head on collision. At an earlier date the motor in this same truck had a fallen lifter which cause my motor to loss power, I was able to take it to the local GM dealer and they fixed it, there was no warning this was happening either. I am worried I will have a catastrophic engine failure and GM will not cover this. I have looked up my",GMC,SIERRA 1500,2021,SUSPENSION,SUSPENSION_CHASIS,general_complaint_candidate,general_symptom_description,,,pending_mechanical_review,,
NHTSA-REV-076,"I purchased two Lexani LX-Twenty Performance tires, both 285/30R20 99W, for my 2017 Chevrolet Camaro ZL1 Convertible on April 19, 2026. On June 9, 2026, while driving down Highway 21 in Sparta, WI, I noticed my vehicle begin to shake. I was traveling at approximately 60mph when I began slowing down and heard a loud pop then my TPMS system indicated my front passenger tire was at 0 PSI. I pulled over on the shoulder of the road and upon further inspection discovered the inside wall of the tire had separated.",LEXANI,LX-TWENTY,9999,TIRES:SIDEWALL,SUSPENSION_CHASIS,general_complaint_candidate,general_symptom_description,,,pending_mechanical_review,,
NHTSA-REV-077,Catastrophic spindle weld failure on custom trailer axle Invoice D12802 manufactured by Pacific Trailers. On June 23 [ADDRESS_REDACTED]2 the spindle weld sheared off completely at the axle tube joint. Secondary damage occurred to the tire fender and brake assembly. Physical inspection shows lack of weld penetration and fusion. Manufacturer ignored formal notices.,UNKNOWN,UNKNOWN,9999,SUSPENSION:REAR:AXLE:SPINDLE,SUSPENSION_CHASIS,general_complaint_candidate,general_symptom_description,,,pending_mechanical_review,,
NHTSA-REV-078,My vehicle is making a squeaky sound/noise when breaking and getting louder. I took it in for service and they couldn’t seem to find the issue. It’s coming from the front end of the vehicle,GMC,TERRAIN,2026,SUSPENSION,SUSPENSION_CHASIS,symptom_detail_candidate,high_symptom_detail,,,pending_mechanical_review,,
NHTSA-REV-079,"All four factory-installed Nexen tires on my brand-new 2025 Hyundai Tucson are experiencing severe, premature dry-rotting, weather cracking, and deep splitting along both the sidewalls and within the tread grooves at just 16,000 miles. The DOT code is 2224, meaning the rubber is barely two years old. The vehicle's safety is severely compromised because widespread, deep dry rot on relatively new rubber creates an immediate risk of catastrophic tread separation or a blowout at highway speeds. This issue was brought to an authorized service provider, who documented the extensive cracking but rejected a standard treadwear claim because the tires still have deep tread depth remaining. Nexen Corporate (Claim #260805I13) subsequently denied a workmanship claim, falsely blaming ""environmental exposure"" despite the vehicle and tires being roughly one year old. The tires have not been inspected by police or insurance, but the components are fully available for inspection upon request. There were no warning lights or symptoms prior to visually identifying the severe cracking. (All tire sizes: 235-65-17)",NEXEN,N5000,9999,TIRES:TREAD/BELT,SUSPENSION_CHASIS,general_complaint_candidate,general_symptom_description,,,pending_mechanical_review,,
NHTSA-REV-080,"The center hanger was bent inwards along with the lower plate of the frame being tilted inward. This bowed out the vertical frame web and left the shackle tilted at an angle. The RV was taken to a dealer and they sent info to Grand Design for warranty approval. 53 days after the dealer inspected our rig, Grand Design finally told us they were denying warranty coverage due to this same dealer repairing the frame at the front nose (but not doing anything around the suspension area). I was told by Grand Design and the RV dealer (after I had moved the rig about 125 miles) that I shouldn't move the rig without it being repaired. I did have my insurance inspect it, but they wouldn't cover it as it was not collision caused. We were stranded at the campground where we were and were fortunate to be able to extend 30 days. I finally found a mobile welding shop to come out to repair the damaged frame. I was told that this was definitely a roll risk due to the possibility of the bent hanger giving out. This caused my wife and I much mental anguish.",GRAND DESIGN,SOLITUDE,2022,SUSPENSION,SUSPENSION_CHASIS,general_complaint_candidate,general_symptom_description,,,pending_mechanical_review,,
NHTSA-REV-081,"2018 Ford F-150 XLT Power Train / Transmission (10R80 10-Speed Automatic) ~100,000 miles (99,737) While accelerating, typically at neighborhood speeds, we sometimes get a hesitation/delay in shifting, which causes a pause and then a hard shift jerking forward, which makes it unreliable at times. Not getting any dashboard warning lights, and has had the transmission flushed at 80k miles by a Ford dealership. A Ford dealership diagnostic inspection confirmed an internal mechanical defect: a failure/migration of the internal Teflon-sealed sleeve on the CDF clutch drum. The dealership technician also noted harsh upshifting between gears 3 and 4, and harsh downshifting between gears 6 and 5. The sudden, unpredictable loss of power during low-speed acceleration creates an immediate safety hazard. It leaves the vehicle vulnerable to rear-end collisions when merging into moving traffic, navigating busy intersections, or pulling out onto roadways, as the truck fails to accelerate when commanded. Furthermore, the violent gear slamming can cause momentary loss of traction or driver distraction under low-grip road conditions. Researching, what we're experiencing is very common with the 10R80 transmission that we have, and documented in TSB 23-2152, and TSB 25-2126. From what I'm reading, Ford redesigned the CDF drum in 2023 to try and correct the manufacturing issue.",FORD,F-150,2018,POWER TRAIN,TRANSMISION,symptom_detail_candidate,high_symptom_detail,,,pending_mechanical_review,,
NHTSA-REV-082,"My vehicles check engine light came on in the morning when starting the vehicle. It was a solid check engine light not flashing. I proceede to drive the vehicle and while pressing the accelerator the vehicle does not move. the engine done not connect immediatly, this is a hybrid vehicle so it attempts to use both the electrical and gas motors. The engin begins to rev very high and then after somewhere between 5-10 secounds of no power the vechicle jumps forward with the gas engine connecting. I attempt to put the vehicle into gas only mode, but this also does not work as this setting is turned off along with the electrical only mode. Other interior electronics are not working either. When attempting to drive to my local auto parts store to find out the codes for the check engine the vehicle shut off the gas engine preventing the vehicle from accelerating. Then seemingly randomly the engine will kick on and lurch the vehicle forward and then stop and turn off the gas engine again. The safty of myself and other are at risk because of the uncontrolable acceleration or loss of power randomly while driving. The problem has now been reproducable for multiple days. I have reported it to my dealership Bloomington Chrystler, Jeep, Dodge, Ram. And was told they do not have any appointments available and I should wait and should be safe to continue driving. Upon getting the codes from the auto parts store obd2 scanner I received 4 counts of the P0BEE code and 1 count of the P1ABC code. I informed my dealership of this and they told me that I should continue to drive it until my appointment and that they can assess it then. In the mean time I have lost power in the middle of intersections while attempting to drive through. I have lurched forward into crosswalks with pedestrians attempting to cross the street at stop signs and have lost power on streets when slowing down causing the vehicle to be unable to restart until coming to a complete stop and restarting.",JEEP,WRANGLER,2023,POWER TRAIN,TRANSMISION,symptom_detail_candidate,high_symptom_detail,,,pending_mechanical_review,,
NHTSA-REV-083,"Car will lose power sporadically ,go into limp mode . Need to shut off ignition,restart and then fine till next time!",KIA,SORENTO,2021,POWER TRAIN,TRANSMISION,general_complaint_candidate,general_symptom_description,,,pending_mechanical_review,,
NHTSA-REV-084,"Pulling out from a stop sign, a loud bang came from the transmission, and rear wheels momentarily locked up then truck acted like it was in neutral. Truck was able to drift to side of road. We called our GM dealer, and they told us that our warranty had expired. We had the truck towed to our certified repair shop. After review of truck, the mechanic called and said the output shaft of the transmission broke. The mechanic called GM and asked if there was any financial assistance for this problem and they said no. He ordered a transmission through GM, and we had to pay for transmission upfront. The amount was 6627.05. Since then as we researched, we found out that GM has a Goodwill assistance program that would have helped us had we known to take it to a GM dealer. With two phone calls, no one guided us on doing that. Our truck has only 38,000 miles on it and when I called GM, they said they would have been able to assist us if we had sent it to a GM dealer. We tried to explain that no one gave us that direction and now it is currently being repaired at our local garage. Can we get any assistance at all with this claim? We would appreciate any assistance you could provide for us. Thank you [XXX] and [XXX]",CHEVROLET,SILVERADO 2500,2021,POWER TRAIN,TRANSMISION,symptom_detail_candidate,high_symptom_detail,,,pending_mechanical_review,,
NHTSA-REV-085,"Complete and sudden failure of Transmission involving the clutches (clutches are burned up inside the transmission). No warning or dash lights. Confirmed by mechanic and the solution is transmission [VIN_REDACTED] ($10,000). Car would not accelerate and began losing power on highway. After I exited the highway, the car would not engage gears and stopped accelerating resulting in having to push it out of the roadway and get it towed to my mechanic for diagnostic.",CHEVROLET,EQUINOX,2018,POWER TRAIN,TRANSMISION,general_complaint_candidate,general_symptom_description,,,pending_mechanical_review,,
NHTSA-REV-086,"The contact owns a 2017 Ram 1500. The contact stated that after reversing out of the driveway and shifting into drive(D, and depressing the accelerator pedal, the rear axle fractured. The vehicle was towed to an independent mechanic, where it was diagnosed and determined that the differential pin retaining screw had backed out, causing the rear axle failure. The mechanic determined that the rear axle assembly needed to be replaced. The contact associated the failure with NHTSA Campaign Number: 17V198000 (Power Train). The manufacturer was notified of the failure by phone and referred the contact to the NHTSA Hotline for assistance. The failure mileage was 140,000.",RAM,1500,2017,POWER TRAIN,TRANSMISION,general_complaint_candidate,general_symptom_description,,,pending_mechanical_review,,
NHTSA-REV-087,"The contact owns a 2022 Kia K5. The contact stated that while driving 50-55 MPH, the vehicle lost motive power and came to a complete stop in the middle of the roadway. The contact did not attempt to restart the vehicle. The contact activated the hazard lights; however, 20–30 minutes later, another vehicle struck the front passenger side of the vehicle near the front passenger’s side wheel. The contact sustained sharp lower back, hip, and left knee pain. The contact's boyfriend sustained lower back and right knee pain. A family member transported both occupants to the hospital, where medical attention was provided. The check engine warning light illuminated after the failure. A Police report was filed. The vehicle was towed to Custom Auto-Collision. The contact associated the failure with NHTSA Campaign Number: 22V760000 (Power Train). The dealer was notified of the failure by phone. The failure mileage was approximately 57,000.",KIA,K5,2022,POWER TRAIN,TRANSMISION,symptom_detail_candidate,high_symptom_detail,,,pending_mechanical_review,,
NHTSA-REV-088,"Vehicle: 2022 Chrysler Pacifica Hybrid. Approximately 25,300 miles On Saturday 9/12/[ADDRESS_REDACTED]""Stop Safely, Vehicle Will Shut Off Soon"". When the message displayed the check engine light illuminated as well as the limp mode light. In limp mode the vehicle reduced speed rapidly and would not accelerate above [ADDRESS_REDACTED]24 hours and went off when I refueled the vehicle the next day. For the next week I drove at local speeds with no issues. On Saturday 9/19/26 the vehicle would not start. This is a plugin hybrid and was fully charged. The electric motor would not start, and the check engine light illuminated again. I turned the vehicle off/on 3 times to get it to start. I did my errand and returned home. When I returned home, I turned the vehicle off then on again and the check engine light cleared. On Tuesday 9/21/26 I dropped the vehicle off for service, getting there without issue. The dealership stated the transmission will need to be rebuilt. Problem code is P0A43-00. This is the SECOND transmission failure since ownership. I've had the vehicle serviced only at the dealer where purchased. The dealership confirmed the FIRST incident with the same problem code was diagnosed on 1/30/24. The transmission was replaced at this time. The van had 12,134 miles. The [ADDRESS_REDACTED]",CHRYSLER,PACIFICA,2022,POWER TRAIN,TRANSMISION,general_complaint_candidate,general_symptom_description,,,pending_mechanical_review,,
NHTSA-REV-089,"NHTSA Vehicle Safety Complaint My 2025 Hyundai Santa Fe has a recurring problem when starting the vehicle. When I start the vehicle, the engine jumps abnormally. I have taken the vehicle to a Hyundai dealership multiple times specifically because of this problem. The condition continues to occur, but I have repeatedly been told that the dealership cannot find anything wrong and that they have to wait for a diagnostic code to appear before they can determine the cause. The vehicle has now developed an additional symptom. When I turn the vehicle off, it sometimes makes an abnormal prolonged gurgling/squeaking-type noise that continues for approximately 3-4 seconds. This shutdown noise is new and is occurring in addition to the recurring engine jumping during startup. No cause has been identified or repaired despite multiple dealership visits. I am concerned that an unidentified engine/powertrain problem is continuing and appears to be developing additional symptoms while I continue operating the vehicle. The vehicle remains available for inspection. I have also experienced problems with both middle-row seats not properly retracting/folding. I reported the problem to the dealership, but only one side was addressed. A component from the back of one seat has also detached. The detached component and vehicle remain available for inspection. I am reporting these conditions because they have continued despite repeated attempts to obtain diagnosis and repair. I do not know the underlying cause, and the dealership has not identified one. Its becoming worse then before so something is wrong.",HYUNDAI,SANTA FE,2025,POWER TRAIN,TRANSMISION,symptom_detail_candidate,high_symptom_detail,,,pending_mechanical_review,,
NHTSA-REV-090,"I am submitting a formal complaint regarding my recent experience with Tesla service, involving repeated failed repair attempts, inaccurate representations that the vehicle was ready for pickup, and unprofessional conduct by the service manager, Kris. I initially brought my vehicle in for service due to a critical error. After being notified that the vehicle was ready for pickup, I arrived and discovered a fluid leak underneath the vehicle. The vehicle had to be taken back in for further inspection, resulting in a wasted trip. I was later notified again that the vehicle was ready. I returned, and at that time the vehicle presented a new alert (“Trailer functionality may be unavailable”), which had never appeared prior to service. Due to this, I left the vehicle again for additional work. Following this, I had a phone conversation with the service manager regarding the ongoing issues. During that call, I explicitly asked that the call not be ended while I was addressing the situation. Despite that, the call was ended. This conduct is unacceptable, particularly given the repeated service failures and the time and inconvenience this situation has already caused. After that, I received another email directly from the service manager confirming that the vehicle was ready for pickup. I returned for a fourth time based on that representation. Upon arrival, I was told that I was “misunderstanding” and that when the vehicle is marked as ready for pickup, it does not necessarily mean that the issue has been resolved. This is completely unacceptable and contradicts any reasonable expectation of what “ready for pickup” represents—especially when that representation is being made directly by management. As a result of this, I ultimately left the service center with a vehicle that still had active issues and unresolved alerts present. Being placed in a position where I had to take possession of a vehicle that was not fully repaired is unacceptable and raises serious concerns",TESLA,CYBERTRUCK,2024,POWER TRAIN,TRANSMISION,symptom_detail_candidate,high_symptom_detail,,,pending_mechanical_review,,
