sintoma,falla
siento un chillido feo al frenar el carro,Pastillas de freno desgastadas
el carro chilla bien feo cuando piso el freno,Pastillas de freno desgastadas
suena como lija en las ruedas al frenar despacio,Pastillas de freno desgastadas
el freno hace un chirrido agudo en las bajadas,Pastillas de freno desgastadas
chillido metalico en las llantas delanteras al frenar,Pastillas de freno desgastadas
las pastillas suena feo al detener la caña,Pastillas de freno desgastadas
chillido agudo al parar en el semaforo,Pastillas de freno desgastadas
freno y chilla fuerte como fierro con fierro,Pastillas de freno desgastadas
freno y suena feo como chirrido metalico en la rueda,Pastillas de freno desgastadas
chillido de freno al detener la camioneta,Pastillas de freno desgastadas
pastillas del freno gastadas y chilla al parar,Pastillas de freno desgastadas
suena chillido fuerte al apretar el pedal de freno,Pastillas de freno desgastadas
rozamiento de pastilla con el disco al frenar despacio,Pastillas de freno desgastadas
las pastillas de freno sacan polvillo negro y chilla al detenerse,Pastillas de freno desgastadas
chirrido de fierro en las cuatro ruedas al frenar en la esquina,Pastillas de freno desgastadas
chilla la llanta cada vez que toco el pedal de freno,Pastillas de freno desgastadas
pastillas cristalizadas o gastadas chirrian al frenar,Pastillas de freno desgastadas
ruido agudo chillido de freno al reducir velocidad,Pastillas de freno desgastadas
el pedal de freno se va hasta el fondo y se siente esponjoso,Fuga de liquido de frenos o aire en el sistema
el freno esta muy largo y no frena bien el auto,Fuga de liquido de frenos o aire en el sistema
tengo que bombear el freno para que agarre la caña,Fuga de liquido de frenos o aire en el sistema
pedal de freno flojo y sin presion al pisarlo,Fuga de liquido de frenos o aire en el sistema
el pedal de freno se hunde completito al frenar despacio,Fuga de liquido de frenos o aire en el sistema
siento el pedal de freno suave esponjoso y largo,Fuga de liquido de frenos o aire en el sistema
freno esponjoso y veo goteo de liquido cerca a la rueda,Fuga de liquido de frenos o aire en el sistema
tengo que pisar hasta el piso el freno para que pare el carro,Fuga de liquido de frenos o aire en el sistema
freno y se hunde el pedal de freno hasta el fondo,Fuga de liquido de frenos o aire en el sistema
pedal de freno sin presion esponjoso y largo al pisarlo,Fuga de liquido de frenos o aire en el sistema
se va al fondo el pedal de freno y no agarra rapido,Fuga de liquido de frenos o aire en el sistema
falta liquido de freno y el pedal esta flojo esponjoso,Fuga de liquido de frenos o aire en el sistema
bomba de freno sin presion pedal blando y esponjoso,Fuga de liquido de frenos o aire en el sistema
pedal de freno hundiendose progresivamente en semaforo,Fuga de liquido de frenos o aire en el sistema
frenos sin presion hidraulica pedal muy esponjoso,Fuga de liquido de frenos o aire en el sistema
aire en la cañeria de freno pedal flojo requiere bombeo,Fuga de liquido de frenos o aire en el sistema
fuga de liquido de frenos en caliper pedal hundiéndose,Fuga de liquido de frenos o aire en el sistema
pedal largo esponjoso sin agarre de frenos,Fuga de liquido de frenos o aire en el sistema
tiembla el timon cuando freno a velocidad alta,Discos de freno alabeados o dañados
siento vibracion en el pedal de freno al pisarlo,Discos de freno alabeados o dañados
el timon zapatea al frenar bajando la autopista,Discos de freno alabeados o dañados
vibracion fuerte en el volante al disminuir velocidad,Discos de freno alabeados o dañados
el carro tiembla feo al frenar en la curva,Discos de freno alabeados o dañados
al frenar a 80kmh el timon empieza a sacudirse,Discos de freno alabeados o dañados
el pedal de freno retumba y vibra cuando freno fuerte,Discos de freno alabeados o dañados
zapateo en el pedal y timon al presionar el freno,Discos de freno alabeados o dañados
sacudida en el timon al frenar a alta velocidad,Discos de freno alabeados o dañados
timon tiembla feo al meter el pedal de freno,Discos de freno alabeados o dañados
pedal de freno vibra bastante cuando desacelero,Discos de freno alabeados o dañados
vibracion en el volante de la direccion al frenar,Discos de freno alabeados o dañados
discos ondulados provocan zapateo en pedal de freno,Discos de freno alabeados o dañados
vibracion y sacudida del volante unicamente al frenar,Discos de freno alabeados o dañados
el carro retumba y el volante vibra al pisar el freno a 90kmh,Discos de freno alabeados o dañados
zapateo en discos al frenar en bajada inclinada,Discos de freno alabeados o dañados
pedal de freno trepida y tiembla al presionar a fondo,Discos de freno alabeados o dañados
vibracion en timon provocada por discos de freno deformados,Discos de freno alabeados o dañados
el motor cascabelea cuando subo una cuesta o acelero fuerte,Bujias desgastadas o cascabeleo de motor
siento un cascabeleo en el motor al acelerar la caña,Bujias desgastadas o cascabeleo de motor
el auto atranca y cascabelea al subir un cerro,Bujias desgastadas o cascabeleo de motor
suena como canicas dentro del motor cuando acelero,Bujias desgastadas o cascabeleo de motor
el motor pierde fuerza y cascabelea en subida,Bujias desgastadas o cascabeleo de motor
cascabeleo al meter tercera marcha en pendiente,Bujias desgastadas o cascabeleo de motor
el carro cascabelea feo al exigirle al acelerador,Bujias desgastadas o cascabeleo de motor
siento jaloneos y cascabeleo al acelerar fuerte,Bujias desgastadas o cascabeleo de motor
cascabeleo fuerte del motor en cuesta arriba o subida,Bujias desgastadas o cascabeleo de motor
el motor cascabelea y pierde potencia al acelerar,Bujias desgastadas o cascabeleo de motor
suena cascabeleo al exigirle potencia al acelerador,Bujias desgastadas o cascabeleo de motor
motor cascabelea feo al subir la pendiente,Bujias desgastadas o cascabeleo de motor
codigo DTC P0300 misfire cascabeleo en los cilindros,Bujias desgastadas o cascabeleo de motor
bujias sucias producen cascabeleo y fallas de encendido,Bujias desgastadas o cascabeleo de motor
motor tiembla en aceleracion por bujias desgastadas,Bujias desgastadas o cascabeleo de motor
cascabeleo metalico interno en camara de combustion al acelerar,Bujias desgastadas o cascabeleo de motor
perdida de chispa en cilindro cascabeleo y tirones,Bujias desgastadas o cascabeleo de motor
cascabeleo por bujias viejas o gasolina de bajo octanaje,Bujias desgastadas o cascabeleo de motor
el motor se apaga de la nada cuando freno en los rompemuelles,Valvula IAC sucia (se apaga en minimo)
el motor se apaga al embragar o poner neutro,Valvula IAC sucia (se apaga en minimo)
la caña se apaga cuando paro en la luz roja del semaforo,Valvula IAC sucia (se apaga en minimo)
en minimo el motor baja revoluciones y se apaga solo,Valvula IAC sucia (se apaga en minimo)
el carro no aguanta el minimo y se apaga al estar quieto,Valvula IAC sucia (se apaga en minimo)
al llegar al rompemuelle las revoluciones caen y se apaga,Valvula IAC sucia (se apaga en minimo)
se apaga el auto cuando suelto el acelerador en el trafico,Valvula IAC sucia (se apaga en minimo)
el motor inestable en minimo termina apagandose,Valvula IAC sucia (se apaga en minimo)
se apaga el motor al parar en la esquina o semaforo,Valvula IAC sucia (se apaga en minimo)
motor inestable en minimo se termina apagando solo,Valvula IAC sucia (se apaga en minimo)
al frenar en el rompemuelle se apaga el carro en minimo,Valvula IAC sucia (se apaga en minimo)
revoluciones caen en neutro y el auto se apaga,Valvula IAC sucia (se apaga en minimo)
codigo DTC P0505 ralenti inestable se apaga en neutro,Valvula IAC sucia (se apaga en minimo)
cuerpo de aceleracion y valvula iac carbonizada se apaga,Valvula IAC sucia (se apaga en minimo)
motor no sostiene las RPM en minimo y se apaga solo,Valvula IAC sucia (se apaga en minimo)
caida brusca de revoluciones al estar detenido en luz roja,Valvula IAC sucia (se apaga en minimo)
apagon instantaneo del motor al soltar el pedal de aceleracion,Valvula IAC sucia (se apaga en minimo)
ralenti inestable valvula iac sucia provoca apagones,Valvula IAC sucia (se apaga en minimo)
la aguja de temperatura sube al maximo y bota vapor por el capo,Sobrecalentamiento del sistema de refrigeracion
el carro calienta rapido cuando estoy en el trafico de Lima,Sobrecalentamiento del sistema de refrigeracion
bota agua del reservorio y calienta el motor feo,Sobrecalentamiento del sistema de refrigeracion
el electroventilador no prende y sube la temperatura al limite,Sobrecalentamiento del sistema de refrigeracion
hirvio el agua del radiador y bota humo blanco por el capo,Sobrecalentamiento del sistema de refrigeracion
se recalienta el motor al estar parado en la cola del peaje,Sobrecalentamiento del sistema de refrigeracion
temperatura al tope y bota vapor de refrigerante,Sobrecalentamiento del sistema de refrigeracion
el motor hirvio bajando del puente y bota vapor,Sobrecalentamiento del sistema de refrigeracion
calentamiento del motor bota humo y vapor por el capo,Sobrecalentamiento del sistema de refrigeracion
aguja de temperatura al maximo bota agua y refrigerante,Sobrecalentamiento del sistema de refrigeracion
el carro se recalienta parado en el trafico del semaforo,Sobrecalentamiento del sistema de refrigeracion
motor hirviendo bota vapor caliente por el reservorio,Sobrecalentamiento del sistema de refrigeracion
termostato trancado radiador hirviendo bota refrigerante,Sobrecalentamiento del sistema de refrigeracion
fuga de agua en manguera de radiador motor recalentado,Sobrecalentamiento del sistema de refrigeracion
temperatura critica en el motor vapor por el deposito de expansion,Sobrecalentamiento del sistema de refrigeracion
electroventilador quemado provoca sobrecalentamiento de motor,Sobrecalentamiento del sistema de refrigeracion
bomba de agua rota el motor hirvio en carretera,Sobrecalentamiento del sistema de refrigeracion
calentamiento excesivo bota refrigerante hirviendo,Sobrecalentamiento del sistema de refrigeracion
el timon tiembla bastante cuando voy a mas de 80 kilometros por hora,Llantas desalineadas o desbalanceadas
vibra la direccion del carro a alta velocidad en la autopista,Llantas desalineadas o desbalanceadas
vibracion en el timon pasando los 70 km por hora,Llantas desalineadas o desbalanceadas
las llantas delanteras se sacuden al correr por la carretera,Llantas desalineadas o desbalanceadas
el volante tiembla en pista plana corriendo arriba de 80,Llantas desalineadas o desbalanceadas
siento que el timon cabecea a alta velocidad,Llantas desalineadas o desbalanceadas
vibracion constante en la direccion al agarrar velocidad,Llantas desalineadas o desbalanceadas
se sacude el timon feo cuando acelero rapido,Llantas desalineadas o desbalanceadas
vibracion en el timon al pasar los 80 kmh en carretera,Llantas desalineadas o desbalanceadas
timon se sacude feo corriendo a alta velocidad,Llantas desalineadas o desbalanceadas
volante tiembla en la carretera Panamericana a 80,Llantas desalineadas o desbalanceadas
sacudida constante de la direccion al acelerar a 90 kmh,Llantas desalineadas o desbalanceadas
desbalanceo de llantas produce vibracion en timon a velocidad constante,Llantas desalineadas o desbalanceadas
el vehiculo se jala hacia un lado al soltar el timon en recta,Llantas desalineadas o desbalanceadas
desgaste irregular en bordes de llantas y timon desalineado,Llantas desalineadas o desbalanceadas
sacudida de volante sin pisar freno solo por correr a 100kmh,Llantas desalineadas o desbalanceadas
llantas traseras desbalanceadas vibracion en el chasis a alta velocidad,Llantas desalineadas o desbalanceadas
timon chueco y vibracion de ruedas en autopista,Llantas desalineadas o desbalanceadas
suena un clac clac fuerte al girar todo el timon para doblar,Juntas homocineticas o palieres dañados
cuando doblo la esquina suena un crujido feo en la direccion,Juntas homocineticas o palieres dañados
suena un traqueteo en la llanta delantera al dar la vuelta,Juntas homocineticas o palieres dañados
clac clac feo al doblar a la derecha en la esquina,Juntas homocineticas o palieres dañados
el palier suena feo al girar todo el timon para estacionar,Juntas homocineticas o palieres dañados
crujido metalico en la rueda al dar vuelta en U,Juntas homocineticas o palieres dañados
suena clac clac clac cuando giro el timon hacia la izquierda,Juntas homocineticas o palieres dañados
traqueteo constante en las ruedas delanteras al doblar,Juntas homocineticas o palieres dañados
suena clac clac en la rueda al doblar a la derecha,Juntas homocineticas o palieres dañados
palier suena feo al girar el timon completito,Juntas homocineticas o palieres dañados
traqueteo fuerte en la llanta al dar la vuelta en esquina,Juntas homocineticas o palieres dañados
crujido en la direccion al doblar la esquina rapido,Juntas homocineticas o palieres dañados
fuelle de palier roto voto grasa y suena clac clac al doblar,Juntas homocineticas o palieres dañados
junta homocinetica destruida traba el giro al estacionar,Juntas homocineticas o palieres dañados
sonido metralleta clac clac en llantas delanteras al girar volante,Juntas homocineticas o palieres dañados
crujido metalico seco al doblar todo el timon en marcha,Juntas homocineticas o palieres dañados
palier desgastado cruje feo en curvas cerradas,Juntas homocineticas o palieres dañados
traqueteo mecanico en eje de transmision al girar a fondo,Juntas homocineticas o palieres dañados
el carro se aguanta o pierde fuerza cuando acelero,Filtro o inyectores de combustible obstruidos
siento que el auto pierde potencia y no responde al acelerador,Filtro o inyectores de combustible obstruidos
el carro se chupa o tironea al meter la segunda marcha,Filtro o inyectores de combustible obstruidos
piso a fondo y el carro no piquea se queda aguantado,Filtro o inyectores de combustible obstruidos
el carro no acelera bien y tironea en las subidas,Filtro o inyectores de combustible obstruidos
se chupa el motor cuando acelero para adelantar un bus,Filtro o inyectores de combustible obstruidos
la caña pierde fuerza y parece que se fuera a ahogar,Filtro o inyectores de combustible obstruidos
el auto da tirones y no avanza rapido al acelerar,Filtro o inyectores de combustible obstruidos
carro se chupa y pierde potencia al pisar el acelerador,Filtro o inyectores de combustible obstruidos
auto tironea y no avanza al acelerar fuerte,Filtro o inyectores de combustible obstruidos
pierde fuerza en subida y parece que se ahoga la caña,Filtro o inyectores de combustible obstruidos
se atranca el carro al querer acelerar para pasar otro auto,Filtro o inyectores de combustible obstruidos
inyectores sucios o tapados causan perdida de aceleracion,Filtro o inyectores de combustible obstruidos
filtro de gasolina tupido ahoga el motor al acelerar a fondo,Filtro o inyectores de combustible obstruidos
auto atrancandose y ahogandose al pisar el pedal de gasolina,Filtro o inyectores de combustible obstruidos
falta de presion de combustible inyectores obstruidos,Filtro o inyectores de combustible obstruidos
el motor tironea y pierde caballos de fuerza al acelerar,Filtro o inyectores de combustible obstruidos
se atranca la caña como si faltara gasolina al acelerar,Filtro o inyectores de combustible obstruidos
el carro no arranca solo hace un click click al girar la llave,Bateria descargada o alternador defectuoso
no prende el auto no da arranque y las luces estan bajas,Bateria descargada o alternador defectuoso
el testigo de la bateria se queda prendido con el motor encendido,Bateria descargada o alternador defectuoso
las luces del tablero parpadean y el carro no da arranque,Bateria descargada o alternador defectuoso
gire la llave y solo se escucha un clack y no da marcha,Bateria descargada o alternador defectuoso
se descargo la bateria y no quiere arrancar el carro,Bateria descargada o alternador defectuoso
el motor no da arranque pero la radio prende muy floja,Bateria descargada o alternador defectuoso
no arranca la caña y la luz roja de bateria se encendio,Bateria descargada o alternador defectuoso
el carro no prende solo hace click click al dar contacto,Bateria descargada o alternador defectuoso
bateria descargada no da marcha ni arranque al carro,Bateria descargada o alternador defectuoso
testigo de bateria prendido y luces bajas en el tablero,Bateria descargada o alternador defectuoso
no arranca la caña solo suena un clack al girar la llave,Bateria descargada o alternador defectuoso
codigo DTC P0562 bajo voltaje de sistema de carga o bateria,Bateria descargada o alternador defectuoso
alternador no carga la bateria se apaga tablero y luces,Bateria descargada o alternador defectuoso
bornes sulfatados y bateria sin carga impiden el arranque,Bateria descargada o alternador defectuoso
motor de arranque no gira bateria totalmente muerta,Bateria descargada o alternador defectuoso
fallo de carga de alternador deja sin corriente al encendido,Bateria descargada o alternador defectuoso
chasquido seco del selenoide de arranque sin dar marcha,Bateria descargada o alternador defectuoso
