﻿id,tipo_caso,texto_ingresado,ground_truth,top1_predicho,confianza_top1,top2_predicho,top3_predicho,macro_esperado,macro_predicho,rango_confianza,es_error_alta_confianza,origen_tecnico,analisis_causa
STRESS_07,TECNICO,"Al someter a carga el tren motriz en pendiente ascendente en cuarta marcha, las RPM del motor se incrementan súbitamente de 2000 a 4200 RPM sin incremento proporcional en la velocidad lineal del vehículo.",Disco de embrague desgastado o patinando,Falla en motor de arranque o solenoide defectuoso (clac seco o carbones gastados),0.7799,Fallo en inversor de corriente IGBT o motor electrico (EV),Falla en filtro de particulas DPF / FAP y sistema AdBlue DEF (Diesel Euro 5/6),TRANSMISION,ELECTRICO,>=75%,SI,VOCABULARIO,La descripción de 'RPM se incrementan súbitamente sin avanzar' activó falsamente 'Falla en motor de arranque' por pesos de tokens 'arranque/revoluciones' sobre embrague.
STRESS_08,TECNICO,El motor presenta fluctuación cíclica de ralentí entre 550 y 1150 RPM en vacío. Inspección con boroscopio muestra acumulación excesiva de carbonilla aceitosa en el cuerpo de mariposa y conducto de aire de derivación.,Cuerpo de aceleracion o valvula IAC sucia,Falla de descarbonizacion e inyeccion directa GDI (acumulacion de carbon en valvulas),0.6939,Cuerpo de aceleracion o valvula IAC sucia,Fugas de aire o fallos en el sistema de frenos neumático (Camiones),MOTOR,MOTOR,50-74.99%,NO,CLASES MUY PARECIDAS,Los términos 'carbonilla aceitosa' y 'mariposa' provocaron que el vectorizador prefiriera 'Falla de descarbonización GDI' en vez de 'Cuerpo de aceleración / IAC'.
STRESS_11,COLOQUIAL,"cada vez que piso el acelerador para adelantar a un camión el motor pierde fuerza, se atraca y empieza a cabecear bien feo",Falla en bujias o bobinas de encendido (misfire),Pendiente de comparar el modo de combustible,0.0000,N/A,N/A,MOTOR,MOTOR,<50%,NO,VOCABULARIO,"Tokens coloquiales 'adelantar a un camión', 'atracar' y 'cabecear' desviaron el clasificador a una regla interna de combustible provisional."
STRESS_12,COLOQUIAL,"por las mañanas el carro no quiere prender a la primera, tengo que darle arranque tres o cuatro veces bombeando para que recién tosa y encienda",Bomba de gasolina quemada o con baja presion,Falla en motor de arranque o solenoide defectuoso (clac seco o carbones gastados),0.8626,Bateria descargada o bornes sulfatados,Falla en bombin o bomba hidraulica de embrague,MOTOR,ELECTRICO,>=75%,SI,CALIBRACIÓN,"La frase coloquial 'dar arranque tres o cuatro veces' concentró el 86.26% de probabilidad en motor de arranque, ignorando el síntoma de fondo (bomba de gasolina)."
STRESS_22,AMBIGUO,el carro no arranca cuando le doy a la llave,Bateria descargada o bornes sulfatados,Auto-pregunta técnica de descarte enviada,0.5355,Bateria descargada o bornes sulfatados,Bomba de gasolina quemada o con baja presion,ELECTRICO,ELECTRICO,50-74.99%,NO,AMBIGÜEDAD REAL,El sistema detectó baja certidumbre/síntoma difuso y activó la salvaguarda de clarificación en vez de inventar un diagnóstico.
STRESS_23,AMBIGUO,siento que el carro vibra cuando voy manejando,Llantas desbalanceadas o desalineadas,Consulta Ambigua / Datos Faltantes,0.0000,N/A,N/A,SUSPENSION_CHASIS,SUSPENSION_CHASIS,<50%,NO,AMBIGÜEDAD REAL,El sistema detectó baja certidumbre/síntoma difuso y activó la salvaguarda de clarificación en vez de inventar un diagnóstico.
STRESS_24,AMBIGUO,el motor ha perdido potencia y no jala como antes,Inyectores sucios o filtro de combustible obstruido,Falla en bujias o bobinas de encendido (misfire),0.5528,Inyectores sucios o filtro de combustible obstruido,Falla en actuador de turbocompresor o VGT en motores alemanes TSI / TFSI,MOTOR,MOTOR,50-74.99%,NO,AMBIGÜEDAD REAL,El síntoma descrito es genérico y compatible con múltiples componentes automotrices simultáneos.
STRESS_25,AMBIGUO,se escucha un zumbido raro adelante cuando avanzo,Rodamiento de maza o rodaje de rueda picado (zumbido de rodadura),Bomba de gasolina quemada o con baja presion,0.8328,Falla en compresor de aire acondicionado o fuga de gas R134a,Faja o cadena de distribucion destensada o con salto de punto,SUSPENSION_CHASIS,MOTOR,>=75%,SI,CALIBRACIÓN,"Sobre-ponderación léxica de tokens aislados en consulta inespecífica, asignando certidumbre elevada sin evidencia suficiente."
STRESS_29,AMBIGUO,el carro pega unos tirones o sacudidas de repente cuando acelero,Falla en bujias o bobinas de encendido (misfire),Inyectores sucios o filtro de combustible obstruido,0.9755,Empaque de culata soplado o danado,Fuga en mangueras de intercooler o turbocompresor danado,MOTOR,MOTOR,>=75%,SI,CALIBRACIÓN,"Sobre-ponderación léxica de tokens aislados en consulta inespecífica, asignando certidumbre elevada sin evidencia suficiente."
STRESS_30,AMBIGUO,se siente un fuerte olor a gasolina por momentos cerca del motor,Falla en sistema de control de emisiones evaporativas EVAP (canister o valvula de purga),Auto-pregunta técnica de descarte enviada,0.4732,Falla en sensor de oxigeno o mezcla rica,Falla en bujias o bobinas de encendido (misfire),MOTOR,MOTOR,<50%,NO,AMBIGÜEDAD REAL,El sistema detectó baja certidumbre/síntoma difuso y activó la salvaguarda de clarificación en vez de inventar un diagnóstico.
STRESS_32,DTC,Se detectó código DTC P0171 sistema demasiado pobre en banco 1. El motor tiene ralentí inestable y consumo elevado.,Falla en sensor de oxigeno o mezcla rica,Cuerpo de aceleracion o valvula IAC sucia,0.8970,Falla en sistema de sincronizacion variable de valvulas (VVT / VVT-i / Valvetronic),Inyectores sucios o filtro de combustible obstruido,MOTOR,MOTOR,>=75%,SI,CALIBRACIÓN,"A pesar del DTC P0171 (sistema pobre), el síntoma 'ralentí inestable' tuvo mayor peso relativo y ganó 'Cuerpo de aceleración' (89.7%) en lugar de 'Sensor de oxígeno / mezcla rica'."
STRESS_43,DIFERENCIAL,"Consumo excesivo y humo negro por escape. El manómetro de combustible confirma 45 psi estables y filtro nuevo, pero el sensor lambda oscila trabado en 0.9V con STFT en -22% de corrección.",Falla en sensor de oxigeno o mezcla rica,Perdida de compresion en cilindro por valvulas pisadas o anillos desgastados,0.8800,Falla en sensor de oxigeno o mezcla rica,Falla en regulador de presion de combustible o diafragma roto,MOTOR,MOTOR,>=75%,SI,CLASES MUY PARECIDAS,'Humo negro' y 'corrección negativa STFT' disparó la heurística de 'Pérdida de compresión por válvulas/anillos' en lugar de 'Sensor de oxígeno'.
STRESS_44,DIFERENCIAL,"Vibración en el volante únicamente al rodar a 95 km/h en autopista lisa perfecta. Rótulas, terminales y bieletas están firmes sin holgura y al pisar el freno no vibra en absoluto.",Llantas desbalanceadas o desalineadas,Discos de freno alabeados o desgastados,0.6965,Llantas desbalanceadas o desalineadas,Desgaste de pastillas y zapatas de freno,SUSPENSION_CHASIS,FRENOS,50-74.99%,NO,CLASES MUY PARECIDAS,"A pesar de descartar explícitamente el freno, el clasificador asoció 'vibración en el volante a 95 km/h' con 'Discos de freno alabeados' (69.65%) antes que 'Llantas desbalanceadas'."
STRESS_47,DIFERENCIAL,"Tironeo en cilindro 2. Se instalaron 4 bujías de iridio nuevas calibradas a 0.040 pulgadas, pero la falla de chispa continúa en el cilindro 2 y desaparece al cambiar la bobina individual.",Falla en bujias o bobinas de encendido (misfire),Perdida de compresion en cilindro por valvulas pisadas o anillos desgastados,0.5404,Falla en bujias o bobinas de encendido (misfire),Falla en circuito o solenoide de inyector individual (DTC P0201 - P0208),MOTOR,MOTOR,50-74.99%,NO,CLASES MUY PARECIDAS,"Al indicar que las bujías fueron reemplazadas, la regla de descarte descartó también la bobina del mismo bloque 'bujías/bobinas' y saltó a 'Pérdida de compresión'."
STRESS_50,DIFERENCIAL,Al acelerar en carretera en 3ra o 4ta marcha el motor sube de vueltas en vacío sin transmitir fuerza a las ruedas. La caja mecánica no presenta zumbido de engranajes y los cambios entran suaves.,Disco de embrague desgastado o patinando,Rodajes de transmision manual o eje primario gastados,0.5394,Falta o degradacion de aceite de caja de cambios,Disco de embrague desgastado o patinando,TRANSMISION,TRANSMISION,50-74.99%,NO,CLASES MUY PARECIDAS,El patinamiento en 3ra/4ta marcha fue interpretado como problema interno de caja ('Rodajes de transmisión manual') al mencionar 'caja mecánica'.
