QUERY_ID,QUERY,EXPECTED_CLASS,EXPECTED_MACRO,LANGUAGE_TYPE,HAS_DTC,CONFUSION_GROUP,IS_SAFETY,BASE_TOP1_TITLE,BASE_TOP1_SIM,BASE_HIT1,BASE_HIT3,BASE_HIT5,BASE_RR,CAND_TOP1_TITLE,CAND_TOP1_SIM,CAND_HIT1,CAND_HIT3,CAND_HIT5,CAND_RR,ESTADO_COMPARATIVO
BENCH_001,"Golpeteo seco cloc-cloc en tren delantero al pasar baches, rebote excesivo de carrocería",Alternador defectuoso o placa de diodos quemada,ELECTRICO,WORKSHOP,False,VIBRATION,False,"PROCEDIMIENTO: DIAGNÓSTICO Y REPARACIÓN DE ALTERNADOR, REGULADOR DE VOLTAJE Y BATERÍA (DTC P0562 / P0620 / EL ALTERNADOR NO CARGA Y BATERÍA DESCARGADA)",0.5332,1,1,1,1.0000,"PROCEDIMIENTO: DIAGNÓSTICO Y REPARACIÓN DE ALTERNADOR, REGULADOR DE VOLTAJE Y BATERÍA (DTC P0562 / P0620 / EL ALTERNADOR NO CARGA Y BATERÍA DESCARGADA)",0.5314,1,1,1,1.0000,IGUAL
BENCH_002,siento que la camioneta rebota mucho como barco en badenes y golpea la suspension,Alternador defectuoso o placa de diodos quemada,ELECTRICO,COLLOQUIAL_WHATSAPP,False,VIBRATION,False,"PROCEDIMIENTO: DIAGNÓSTICO Y REPARACIÓN DE ALTERNADOR, REGULADOR DE VOLTAJE Y BATERÍA (DTC P0562 / P0620 / EL ALTERNADOR NO CARGA Y BATERÍA DESCARGADA)",0.6624,1,1,1,1.0000,"PROCEDIMIENTO: DIAGNÓSTICO Y REPARACIÓN DE ALTERNADOR, REGULADOR DE VOLTAJE Y BATERÍA (DTC P0562 / P0620 / EL ALTERNADOR NO CARGA Y BATERÍA DESCARGADA)",0.6608,1,1,1,1.0000,IGUAL
BENCH_003,"Testigo de presión de aceite titila en ralentí en caliente, presión hidrostática cae a 4 PSI",Amortiguadores reventados o bujes de suspension gastados,SUSPENSION_CHASIS,TECHNICAL,False,NONE,False,"PROCEDIMIENTO: DIAGNÓSTICO DE DESGASTE DE BUJES DE TRAPECIO, BARRAS ESTABILIZADORAS Y AMORTIGUADORES (GOLPETEO EN TROCHA / REBOTE)",0.3496,1,1,1,1.0000,"PROCEDIMIENTO: DIAGNÓSTICO DE DESGASTE DE BUJES DE TRAPECIO, BARRAS ESTABILIZADORAS Y AMORTIGUADORES (GOLPETEO EN TROCHA / REBOTE)",0.3496,1,1,1,1.0000,IGUAL
BENCH_004,se prende la aceitera cuando calienta el motor en semaforos y suena un taqueteo feo,Amortiguadores reventados o bujes de suspension gastados,SUSPENSION_CHASIS,COLLOQUIAL_WHATSAPP,False,NONE,False,"PROCEDIMIENTO: DIAGNÓSTICO DE DESGASTE DE BUJES DE TRAPECIO, BARRAS ESTABILIZADORAS Y AMORTIGUADORES (GOLPETEO EN TROCHA / REBOTE)",0.3682,1,1,1,1.0000,"PROCEDIMIENTO: DIAGNÓSTICO DE DESGASTE DE BUJES DE TRAPECIO, BARRAS ESTABILIZADORAS Y AMORTIGUADORES (GOLPETEO EN TROCHA / REBOTE)",0.3689,1,1,1,1.0000,IGUAL
BENCH_005,"Voltaje en reposo 10.5V, sulfatación en borne positivo, no retiene carga tras reposo nocturno",Baja presion de aceite o bomba de aceite defectuosa,MOTOR,TECHNICAL,False,STARTUP,False,"PROCEDIMIENTO: CAMBIO DE ACEITE DE MOTOR, FILTRO Y LIMPIEZA DE CÁRTER (DTC P0520 / BAJA PRESIÓN)",0.2529,1,1,1,1.0000,"PROCEDIMIENTO: CAMBIO DE ACEITE DE MOTOR, FILTRO Y LIMPIEZA DE CÁRTER (DTC P0520 / BAJA PRESIÓN)",0.2540,1,1,1,1.0000,IGUAL
BENCH_006,no arranca en las mananas solo hace click rapido y las luces del tablero se bajan todas,Baja presion de aceite o bomba de aceite defectuosa,MOTOR,COLLOQUIAL_WHATSAPP,False,STARTUP,False,"PROCEDIMIENTO: CAMBIO DE ACEITE DE MOTOR, FILTRO Y LIMPIEZA DE CÁRTER (DTC P0520 / BAJA PRESIÓN)",0.3177,1,1,1,1.0000,"PROCEDIMIENTO: CAMBIO DE ACEITE DE MOTOR, FILTRO Y LIMPIEZA DE CÁRTER (DTC P0520 / BAJA PRESIÓN)",0.3190,1,1,1,1.0000,IGUAL
BENCH_007,"Presión en riel de combustible en cero, no se escucha zumbido de bomba al colocar contacto",Bateria descargada o bornes sulfatados,ELECTRICO,TECHNICAL,True,COMBUSTIBLE,False,PROCEDIMIENTO: DIAGNOSTICO DE SISTEMA COMMON RAIL DIESEL Y BOMBA DE ALTA PRESION (COMBUSTIBLE_005),0.5694,0,0,0,0.0000,PROCEDIMIENTO: DIAGNÓSTICO DE BAJA PRESIÓN EN RIEL DE COMBUSTIBLE (DTC P0087),0.5136,0,0,0,0.0000,IGUAL
BENCH_008,el carro gira y gira pero no enciende para nada parece que no le llega gasolina,Bateria descargada o bornes sulfatados,ELECTRICO,COLLOQUIAL_WHATSAPP,False,COMBUSTIBLE,False,PROCEDIMIENTO: DIAGNÓSTICO DE BAJO VOLTAJE DEL SISTEMA ELÉCTRICO Y ALTERNADOR (DTC P0562),0.2035,0,0,0,0.0000,PROCEDIMIENTO: DIAGNÓSTICO DE BAJO VOLTAJE DEL SISTEMA ELÉCTRICO Y ALTERNADOR (DTC P0562),0.2041,0,0,0,0.0000,IGUAL
BENCH_009,"Rueda delantera derecha humea con olor a pastilla quemada, vehículo se carga hacia un lado al rodar",Bomba de gasolina quemada o con baja presion,MOTOR,WORKSHOP,False,NONE,False,PROCEDIMIENTO: DIAGNÓSTICO DE PRESIÓN DE COMBUSTIBLE Y CAÍDA DE CAUDAL BAJO CARGA (DTC P0087 / TIRONEO AL EXIGIR ACELERACIÓN),0.4749,1,1,1,1.0000,PROCEDIMIENTO: DIAGNÓSTICO DE PRESIÓN DE COMBUSTIBLE Y CAÍDA DE CAUDAL BAJO CARGA (DTC P0087 / TIRONEO AL EXIGIR ACELERACIÓN),0.4697,1,1,1,1.0000,IGUAL
BENCH_010,un aro delantero se calienta que quema y frena frenado el carro se jala a la derecha,Bomba de gasolina quemada o con baja presion,MOTOR,COLLOQUIAL_WHATSAPP,False,NONE,False,PROCEDIMIENTO: DIAGNÓSTICO DE PRESIÓN DE COMBUSTIBLE Y CAÍDA DE CAUDAL BAJO CARGA (DTC P0087 / TIRONEO AL EXIGIR ACELERACIÓN),0.4564,1,1,1,1.0000,PROCEDIMIENTO: DIAGNÓSTICO DE PRESIÓN DE COMBUSTIBLE Y CAÍDA DE CAUDAL BAJO CARGA (DTC P0087 / TIRONEO AL EXIGIR ACELERACIÓN),0.4519,1,1,1,1.0000,IGUAL
BENCH_011,"Pestillo de puerta de piloto trabado mecánicamente, no abre ni por dentro ni por fuera con manija",Caliper de freno trabado o mordaza pegada (piston agarrotado),FRENOS,WORKSHOP,False,NONE,False,"PROCEDIMIENTO: REVISIÓN DE GUÍAS DESLIZANTES, PISTÓN AGARROTADO Y RETRACCIÓN HIDRÁULICA DE CÁLIPER DE FRENO",0.2814,1,1,1,1.0000,"PROCEDIMIENTO: REVISIÓN DE GUÍAS DESLIZANTES, PISTÓN AGARROTADO Y RETRACCIÓN HIDRÁULICA DE CÁLIPER DE FRENO",0.2815,1,1,1,1.0000,IGUAL
BENCH_012,la puerta del chofer se quedo atorada y la llave gira en falso no suelta el seguro,Caliper de freno trabado o mordaza pegada (piston agarrotado),FRENOS,COLLOQUIAL_WHATSAPP,False,NONE,False,"PROCEDIMIENTO: REVISIÓN DE GUÍAS DESLIZANTES, PISTÓN AGARROTADO Y RETRACCIÓN HIDRÁULICA DE CÁLIPER DE FRENO",0.3351,1,1,1,1.0000,"PROCEDIMIENTO: REVISIÓN DE GUÍAS DESLIZANTES, PISTÓN AGARROTADO Y RETRACCIÓN HIDRÁULICA DE CÁLIPER DE FRENO",0.3353,1,1,1,1.0000,IGUAL
BENCH_013,"Consumo de 1 litro de aceite cada 800 km, humo azulado constante por el escape al acelerar","Cerradura, chapa o pestillo mecanico de puerta trabado o desalineado",CARROCERIA_NEUMATICA,TECHNICAL,False,NONE,False,"PROCEDIMIENTO: REPARACIÓN, SINCRONIZACIÓN Y ALINEACIÓN DE MECANISMO DE CERRADURA Y PESTILLO DE PUERTA",0.6961,1,1,1,1.0000,"PROCEDIMIENTO: REPARACIÓN, SINCRONIZACIÓN Y ALINEACIÓN DE MECANISMO DE CERRADURA Y PESTILLO DE PUERTA",0.6962,1,1,1,1.0000,IGUAL
BENCH_014,bota humo azul por el escape cuando acelero fuerte y se come el aceite rapidisimo,"Cerradura, chapa o pestillo mecanico de puerta trabado o desalineado",CARROCERIA_NEUMATICA,COLLOQUIAL_WHATSAPP,False,NONE,False,"PROCEDIMIENTO: REPARACIÓN, SINCRONIZACIÓN Y ALINEACIÓN DE MECANISMO DE CERRADURA Y PESTILLO DE PUERTA",0.7370,1,1,1,1.0000,"PROCEDIMIENTO: REPARACIÓN, SINCRONIZACIÓN Y ALINEACIÓN DE MECANISMO DE CERRADURA Y PESTILLO DE PUERTA",0.7372,1,1,1,1.0000,IGUAL
BENCH_015,"Código P0420 activo, baja eficiencia en sensor de oxígeno post-catalizador Banco 1",Consumo de aceite por desgaste de anillos o retenes,MOTOR,TECHNICAL,True,NONE,False,PROCEDIMIENTO: MEDICIÓN DE CONTRAPRESIÓN DE ESCAPE Y EFICIENCIA CATALÍTICA DE BANCADA (DTC P0420 / P0430),0.8980,0,0,0,0.0000,PROCEDIMIENTO: MEDICIÓN DE CONTRAPRESIÓN DE ESCAPE Y EFICIENCIA CATALÍTICA DE BANCADA (DTC P0420 / P0430),0.8315,0,0,0,0.0000,IGUAL
BENCH_016,tengo check engine prendido me escanearon y salio catalizador tapado pierde fuerza en subida,Consumo de aceite por desgaste de anillos o retenes,MOTOR,COLLOQUIAL_WHATSAPP,False,NONE,False,"PROCEDIMIENTO: DIAGNÓSTICO METROLÓGICO DE CONSUMO DE ACEITE, ENDOSCOPÍA Y SUSTITUCIÓN DE RETENES DE VÁLVULA",0.4150,1,1,1,1.0000,"PROCEDIMIENTO: DIAGNÓSTICO METROLÓGICO DE CONSUMO DE ACEITE, ENDOSCOPÍA Y SUSTITUCIÓN DE RETENES DE VÁLVULA",0.4170,1,1,1,1.0000,IGUAL
BENCH_017,"Juego muerto excesivo en el volante, fuga de líquido hidráulico rojo por fuelles de dirección",Convertidor catalitico ineficiente u obstruido (DTC P0420 / P0430),MOTOR,WORKSHOP,False,VIBRATION,False,PROCEDIMIENTO: DIAGNÓSTICO DE CONTRAPRESIÓN DE ESCAPE Y CATALIZADOR TAPONADO (DTC P0420 / P0430 / AUTO AMARRADO EN PISTA),0.5144,1,1,1,1.0000,PROCEDIMIENTO: DIAGNÓSTICO DE CONTRAPRESIÓN DE ESCAPE Y CATALIZADOR TAPONADO (DTC P0420 / P0430 / AUTO AMARRADO EN PISTA),0.5144,1,1,1,1.0000,IGUAL
BENCH_018,la direccion timon tiene juego y gotea aceite de direccion por la cremallera,Convertidor catalitico ineficiente u obstruido (DTC P0420 / P0430),MOTOR,COLLOQUIAL_WHATSAPP,False,VIBRATION,False,PROCEDIMIENTO: DIAGNÓSTICO DE CONTRAPRESIÓN DE ESCAPE Y CATALIZADOR TAPONADO (DTC P0420 / P0430 / AUTO AMARRADO EN PISTA),0.5917,1,1,1,1.0000,PROCEDIMIENTO: DIAGNÓSTICO DE CONTRAPRESIÓN DE ESCAPE Y CATALIZADOR TAPONADO (DTC P0420 / P0430 / AUTO AMARRADO EN PISTA),0.5917,1,1,1,1.0000,IGUAL
BENCH_019,"Ralentí inestable oscila entre 500 y 1200 RPM, motor se cala al frenar en detenciones",Cremallera de direccion asistida con holgura o fuga,SUSPENSION_CHASIS,TECHNICAL,True,NONE,False,PROCEDIMIENTO: DIAGNÓSTICO Y CALIBRACIÓN DE CUERPO DE ACELERACIÓN ELECTRÓNICO Y VÁLVULA IAC (DTC P0505 / P2119),0.8082,0,0,1,0.2500,PROCEDIMIENTO: DIAGNÓSTICO Y CALIBRACIÓN DE CUERPO DE ACELERACIÓN ELECTRÓNICO Y VÁLVULA IAC (DTC P0505 / P2119),0.8085,0,0,1,0.2500,IGUAL
BENCH_020,en minimo el motor tiembla y se apaga solito cuando freno en las esquinas,Cremallera de direccion asistida con holgura o fuga,SUSPENSION_CHASIS,COLLOQUIAL_WHATSAPP,False,NONE,False,PROCEDIMIENTO: DIAGNÓSTICO Y REEMPLAZO DE CAJA DE DIRECCIÓN CREMALLERA ELECTRÓNICA Y ACOPLE FLEXIBLE (CHILLIDO / JUEGO EN CREMALLERA / DTC C1532),0.3804,1,1,1,1.0000,PROCEDIMIENTO: DIAGNÓSTICO Y REEMPLAZO DE CAJA DE DIRECCIÓN CREMALLERA ELECTRÓNICA Y ACOPLE FLEXIBLE (CHILLIDO / JUEGO EN CREMALLERA / DTC C1532),0.3809,1,1,1,1.0000,IGUAL
BENCH_021,"Triángulo rojo maestro activo en Prius, código P0A80 reemplazo de paquete de batería híbrida",Cuerpo de aceleracion o valvula IAC sucia,MOTOR,TECHNICAL,True,EV_HV,True,PROCEDIMIENTO: DIAGNÓSTICO DE RESISTENCIA Y BALANCE DE CELDAS DE BATERÍA DE ALTO VOLTAJE HÍBRIDA (DTC P0A80 / P0A7F / TRIÁNGULO ROJO),0.9665,0,0,1,0.2500,PROCEDIMIENTO: DIAGNÓSTICO DE RESISTENCIA Y BALANCE DE CELDAS DE BATERÍA DE ALTO VOLTAJE HÍBRIDA (DTC P0A80 / P0A7F / TRIÁNGULO ROJO),0.9669,0,0,1,0.2500,IGUAL
BENCH_022,en el tablero sale aviso de revisar sistema hibrido y el ventilador de atras sopla a full,Cuerpo de aceleracion o valvula IAC sucia,MOTOR,COLLOQUIAL_WHATSAPP,False,EV_HV,True,PROCEDIMIENTO: DIAGNÓSTICO Y CALIBRACIÓN DE CUERPO DE ACELERACIÓN ELECTRÓNICO Y VÁLVULA IAC (DTC P0505 / P2119),0.5231,1,1,1,1.0000,PROCEDIMIENTO: DIAGNÓSTICO Y CALIBRACIÓN DE CUERPO DE ACELERACIÓN ELECTRÓNICO Y VÁLVULA IAC (DTC P0505 / P2119),0.5251,1,1,1,1.0000,IGUAL
BENCH_023,"Chirrido metálico agudo de fricción al aplicar pedal de freno, espesor de material menor a 2mm",Degradacion o falla en paquete de bateria de alto voltaje (EV / Hibridos),ELECTRICO,WORKSHOP,False,BRAKES,False,"PROCEDIMIENTO: DIAGNÓSTICO DE SALUD (SOH), DELTA DE VOLTAJE Y RESISTENCIA DE BATERÍA DE ALTO VOLTAJE (EV / HÍBRIDOS - DTC P0A80)",0.4047,1,1,1,1.0000,"PROCEDIMIENTO: DIAGNÓSTICO DE SALUD (SOH), DELTA DE VOLTAJE Y RESISTENCIA DE BATERÍA DE ALTO VOLTAJE (EV / HÍBRIDOS - DTC P0A80)",0.4051,1,1,1,1.0000,IGUAL
BENCH_024,suena un chillido fuerte cada vez que toco el freno parece que roza metal con metal,Degradacion o falla en paquete de bateria de alto voltaje (EV / Hibridos),ELECTRICO,COLLOQUIAL_WHATSAPP,False,BRAKES,False,"PROCEDIMIENTO: DIAGNÓSTICO DE SALUD (SOH), DELTA DE VOLTAJE Y RESISTENCIA DE BATERÍA DE ALTO VOLTAJE (EV / HÍBRIDOS - DTC P0A80)",0.3723,1,1,1,1.0000,"PROCEDIMIENTO: DIAGNÓSTICO DE SALUD (SOH), DELTA DE VOLTAJE Y RESISTENCIA DE BATERÍA DE ALTO VOLTAJE (EV / HÍBRIDOS - DTC P0A80)",0.3726,1,1,1,1.0000,IGUAL
BENCH_025,Zumbido tipo rozamiento que desaparece totalmente al pisar el pedal de embrague a fondo,Desgaste de pastillas y zapatas de freno,FRENOS,WORKSHOP,False,TRANSMISSION,False,PROCEDIMIENTO: INSPECCIÓN DE ESPESOR Y SUSTITUCIÓN DE PASTILLAS Y ZAPATAS DE FRENO (CHILLIDO / C0035),0.4092,1,1,1,1.0000,PROCEDIMIENTO: INSPECCIÓN DE ESPESOR Y SUSTITUCIÓN DE PASTILLAS Y ZAPATAS DE FRENO (CHILLIDO / C0035),0.4093,1,1,1,1.0000,IGUAL
BENCH_026,suena como un grillo en la caja cuando suelto el embrague y cuando lo piso se quita,Desgaste de pastillas y zapatas de freno,FRENOS,COLLOQUIAL_WHATSAPP,False,TRANSMISSION,False,PROCEDIMIENTO: INSPECCIÓN DE ESPESOR Y SUSTITUCIÓN DE PASTILLAS Y ZAPATAS DE FRENO (CHILLIDO / C0035),0.4425,1,1,1,1.0000,PROCEDIMIENTO: INSPECCIÓN DE ESPESOR Y SUSTITUCIÓN DE PASTILLAS Y ZAPATAS DE FRENO (CHILLIDO / C0035),0.4421,1,1,1,1.0000,IGUAL
BENCH_027,El motor revoluciona en 3ra marcha pero la velocidad no incrementa proporcionalmente,Desgaste en collarin de empuje o crapodina de embrague,TRANSMISION,TECHNICAL,False,TRANSMISSION,False,PROCEDIMIENTO: DIAGNÓSTICO ACÚSTICO DIFERENCIAL Y SUSTITUCIÓN DE COLLARÍN DE EMPUJE O CRAPODINA HIDRÁULICA DE EMBRAGUE,0.8862,1,1,1,1.0000,PROCEDIMIENTO: DIAGNÓSTICO ACÚSTICO DIFERENCIAL Y SUSTITUCIÓN DE COLLARÍN DE EMPUJE O CRAPODINA HIDRÁULICA DE EMBRAGUE,0.8854,1,1,1,1.0000,IGUAL
BENCH_028,acelero a fondo ruge el motor pero el carro avanza lentito el embrague patina,Desgaste en collarin de empuje o crapodina de embrague,TRANSMISION,COLLOQUIAL_WHATSAPP,False,TRANSMISSION,False,PROCEDIMIENTO: DIAGNÓSTICO ACÚSTICO DIFERENCIAL Y SUSTITUCIÓN DE COLLARÍN DE EMPUJE O CRAPODINA HIDRÁULICA DE EMBRAGUE,0.7837,1,1,1,1.0000,PROCEDIMIENTO: DIAGNÓSTICO ACÚSTICO DIFERENCIAL Y SUSTITUCIÓN DE COLLARÍN DE EMPUJE O CRAPODINA HIDRÁULICA DE EMBRAGUE,0.7830,1,1,1,1.0000,IGUAL
BENCH_029,Vibración intensa en el pedal de freno y volante al frenar a velocidades superiores a 80 km/h,Disco de embrague desgastado o patinando,TRANSMISION,WORKSHOP,False,BRAKES,False,PROCEDIMIENTO: DIAGNÓSTICO DE PATINAMIENTO DE DISCO DE EMBRAGUE Y PRUEBA DE CALADO EN 4TA MARCHA,0.7822,1,1,1,1.0000,PROCEDIMIENTO: DIAGNÓSTICO DE PATINAMIENTO DE DISCO DE EMBRAGUE Y PRUEBA DE CALADO EN 4TA MARCHA,0.7810,1,1,1,1.0000,IGUAL
BENCH_030,cuando voy rapido en autopista y freno el timon y el pedal tiemblan un monton,Disco de embrague desgastado o patinando,TRANSMISION,COLLOQUIAL_WHATSAPP,False,BRAKES,False,PROCEDIMIENTO: DIAGNÓSTICO DE PATINAMIENTO DE DISCO DE EMBRAGUE Y PRUEBA DE CALADO EN 4TA MARCHA,0.8273,1,1,1,1.0000,PROCEDIMIENTO: DIAGNÓSTICO DE PATINAMIENTO DE DISCO DE EMBRAGUE Y PRUEBA DE CALADO EN 4TA MARCHA,0.8260,1,1,1,1.0000,IGUAL
BENCH_031,"Ventana eléctrica del copiloto no sube, se escucha motor girar pero el vidrio está caído",Discos de freno alabeados o desgastados,FRENOS,WORKSHOP,False,NONE,False,PROCEDIMIENTO: DIAGNÓSTICO METROLÓGICO DEL ALABEO DE DISCOS DE FRENO Y VARIACIÓN DE ESPESOR DTV (VIBRACIÓN EN PEDAL / VOLANTE AL FRENAR),0.1826,1,1,1,1.0000,PROCEDIMIENTO: DIAGNÓSTICO METROLÓGICO DEL ALABEO DE DISCOS DE FRENO Y VARIACIÓN DE ESPESOR DTV (VIBRACIÓN EN PEDAL / VOLANTE AL FRENAR),0.1820,1,1,1,1.0000,IGUAL
BENCH_032,se cayo el vidrio de la puerta sono un crujido y ya no levanta con el boton,Discos de freno alabeados o desgastados,FRENOS,COLLOQUIAL_WHATSAPP,False,NONE,False,PROCEDIMIENTO: DIAGNOSTICO Y REPARACION DE CIERRE CENTRALIZADO Y ACTUADOR ELECTRICO DE PUERTA (CARROCERIA_001),0.1560,0,0,0,0.0000,PROCEDIMIENTO: DIAGNOSTICO Y REPARACION DE CIERRE CENTRALIZADO Y ACTUADOR ELECTRICO DE PUERTA (CARROCERIA_001),0.1561,0,0,0,0.0000,IGUAL
BENCH_033,"Burbujas continuas en vaso de expansión de refrigerante, aceite color café con leche en bayoneta",Elevalunas electrico o guaya de alzacristales rota o trabada,CARROCERIA_NEUMATICA,TECHNICAL,False,NONE,False,"PROCEDIMIENTO: REPARACIÓN Y REEMPLAZO DE MOTOR ELEVALUNAS ELÉCTRICO, GUAYA Y ALZACRISTALES (LUNA O VIDRIO DE PUERTA TRABADO)",1.0000,1,1,1,1.0000,"PROCEDIMIENTO: REPARACIÓN Y REEMPLAZO DE MOTOR ELEVALUNAS ELÉCTRICO, GUAYA Y ALZACRISTALES (LUNA O VIDRIO DE PUERTA TRABADO)",1.0000,1,1,1,1.0000,IGUAL
BENCH_034,el refrigerante hierve y se paso el agua al aceite salio como chocolate la varilla,Elevalunas electrico o guaya de alzacristales rota o trabada,CARROCERIA_NEUMATICA,COLLOQUIAL_WHATSAPP,False,NONE,False,"PROCEDIMIENTO: REPARACIÓN Y REEMPLAZO DE MOTOR ELEVALUNAS ELÉCTRICO, GUAYA Y ALZACRISTALES (LUNA O VIDRIO DE PUERTA TRABADO)",1.0000,1,1,1,1.0000,"PROCEDIMIENTO: REPARACIÓN Y REEMPLAZO DE MOTOR ELEVALUNAS ELÉCTRICO, GUAYA Y ALZACRISTALES (LUNA O VIDRIO DE PUERTA TRABADO)",1.0000,1,1,1,1.0000,IGUAL
BENCH_035,"Ruido de matraca metálica al arrancar en frío, desfase de sincronización árbol de levas DTC P0016",Empaque de culata soplado o danado,MOTOR,TECHNICAL,True,NONE,False,PROCEDIMIENTO: DIAGNÓSTICO DE CORRELACIÓN CIGÜEÑAL Y ÁRBOL DE LEVAS (DTC P0016 / P0017),0.8049,0,0,0,0.0000,PROCEDIMIENTO: DIAGNÓSTICO DE SOLENOIDE ACTUADOR DE DISTRIBUCIÓN VARIABLE VVT / VTC / VANOS (DTC P0011 / P0016),0.9701,0,0,0,0.0000,IGUAL
BENCH_036,suena como cadena suelta al encender en las mananas y tiene check engine prendido,Empaque de culata soplado o danado,MOTOR,COLLOQUIAL_WHATSAPP,False,NONE,False,PROCEDIMIENTO: DIAGNÓSTICO Y REEMPLAZO DE EMPAQUE DE CULATA (HUMO BLANCO / SOBRECALENTAMIENTO / DTC P0217),0.4683,1,1,1,1.0000,PROCEDIMIENTO: DIAGNÓSTICO Y REEMPLAZO DE EMPAQUE DE CULATA (HUMO BLANCO / SOBRECALENTAMIENTO / DTC P0217),0.4646,1,1,1,1.0000,IGUAL
BENCH_037,Obstrucción de chupador de aceite por desprendimiento de hilos de correa bañada en aceite,Faja o cadena de distribucion destensada o con salto de punto,MOTOR,TECHNICAL,True,NONE,False,PROCEDIMIENTO: DIAGNÓSTICO DE SINCRONIZACIÓN VARIABLE VVT ÁRBOL DE LEVAS ADELANTADO (DTC P0011 / P0012),1.0000,0,0,0,0.0000,PROCEDIMIENTO: DIAGNÓSTICO DE SINCRONIZACIÓN VARIABLE VVT ÁRBOL DE LEVAS ADELANTADO (DTC P0011 / P0012),1.0000,0,0,0,0.0000,IGUAL
BENCH_038,motor ford dragon perdio presion de aceite dicen que se deshizo la faja humeda en el carter,Faja o cadena de distribucion destensada o con salto de punto,MOTOR,COLLOQUIAL_WHATSAPP,False,NONE,False,PROCEDIMIENTO: DIAGNÓSTICO DE CORRELACIÓN CIGÜEÑAL Y ÁRBOL DE LEVAS (DTC P0016 / P0017),0.5206,1,1,1,1.0000,PROCEDIMIENTO: DIAGNÓSTICO DE CORRELACIÓN CIGÜEÑAL Y ÁRBOL DE LEVAS (DTC P0016 / P0017),0.5192,1,1,1,1.0000,IGUAL
BENCH_039,Pérdida de potencia y tironeo bajo carga por carbonilla acumulada en válvulas de admisión GDI,Falla de correa dentada banada en aceite (Motor Ford 1.0 Dragon / GM Turbo),MOTOR,TECHNICAL,True,NONE,False,PROCEDIMIENTO: DESCARBONIZACIÓN QUÍMICA Y MECÁNICA DE VÁLVULAS DE ADMISIÓN EN MOTORES DE INYECCIÓN DIRECTA GDI / TSI,0.7445,0,1,1,0.5000,PROCEDIMIENTO: INSPECCIÓN DE CORREA DE DISTRIBUCIÓN BAÑADA EN ACEITE Y LIMPIEZA DE COLADOR DE BOMBA (FORD 1.0 DRAGON / GM ECOTEC),0.5963,1,1,1,1.0000,MEJORA_HIT1
BENCH_040,el carro gdi pierde pique en alta y me dicen que necesita descarbonizado de valvulas,Falla de correa dentada banada en aceite (Motor Ford 1.0 Dragon / GM Turbo),MOTOR,COLLOQUIAL_WHATSAPP,False,NONE,False,PROCEDIMIENTO: INSPECCIÓN DE CORREA DE DISTRIBUCIÓN BAÑADA EN ACEITE Y LIMPIEZA DE COLADOR DE BOMBA (FORD 1.0 DRAGON / GM ECOTEC),0.6734,1,1,1,1.0000,PROCEDIMIENTO: INSPECCIÓN DE CORREA DE DISTRIBUCIÓN BAÑADA EN ACEITE Y LIMPIEZA DE COLADOR DE BOMBA (FORD 1.0 DRAGON / GM ECOTEC),0.6743,1,1,1,1.0000,IGUAL
BENCH_041,Actuador de cierre centralizado no responde al telemando en puerta trasera izquierda,Falla de descarbonizacion e inyeccion directa GDI (acumulacion de carbon en valvulas),MOTOR,WORKSHOP,False,NONE,False,PROCEDIMIENTO: DESCARBONIZACIÓN QUÍMICA Y MECÁNICA DE VÁLVULAS DE ADMISIÓN EN MOTORES DE INYECCIÓN DIRECTA GDI / TSI,0.4358,1,1,1,1.0000,PROCEDIMIENTO: DESCARBONIZACIÓN QUÍMICA Y MECÁNICA DE VÁLVULAS DE ADMISIÓN EN MOTORES DE INYECCIÓN DIRECTA GDI / TSI,0.4338,1,1,1,1.0000,IGUAL
BENCH_042,con la alarma bajan 3 seguros pero una puerta de atras no traba se queda abierta,Falla de descarbonizacion e inyeccion directa GDI (acumulacion de carbon en valvulas),MOTOR,COLLOQUIAL_WHATSAPP,False,NONE,False,PROCEDIMIENTO: DIAGNÓSTICO DE BOMBA DE ALTA PRESIÓN (HPFP) Y SISTEMA DE INYECCIÓN DIRECTA GDI / TSI (DTC P0087 / P0088 / P0089),0.2513,0,0,0,0.0000,PROCEDIMIENTO: DESCARBONIZACIÓN QUÍMICA Y MECÁNICA DE VÁLVULAS DE ADMISIÓN EN MOTORES DE INYECCIÓN DIRECTA GDI / TSI,0.4700,1,1,1,1.0000,MEJORA_HIT1
BENCH_043,"Cámara de freno Maxi-Brake bloqueada por resorte vencido, camión arrastrando eje trasero",Falla electrica del cierre centralizado o actuador de puerta,CARROCERIA_NEUMATICA,TECHNICAL,False,TRUCK,True,PROCEDIMIENTO: DIAGNOSTICO Y REPARACION DE CIERRE CENTRALIZADO Y ACTUADOR ELECTRICO DE PUERTA (CARROCERIA_001),1.0000,1,1,1,1.0000,PROCEDIMIENTO: DIAGNOSTICO Y REPARACION DE CIERRE CENTRALIZADO Y ACTUADOR ELECTRICO DE PUERTA (CARROCERIA_001),1.0000,1,1,1,1.0000,IGUAL
BENCH_044,el camion pesado se quedo amarrado de atras no suelta el freno de resorte de aire,Falla electrica del cierre centralizado o actuador de puerta,CARROCERIA_NEUMATICA,COLLOQUIAL_WHATSAPP,False,TRUCK,True,PROCEDIMIENTO: DIAGNOSTICO Y REPARACION DE CIERRE CENTRALIZADO Y ACTUADOR ELECTRICO DE PUERTA (CARROCERIA_001),1.0000,1,1,1,1.0000,PROCEDIMIENTO: DIAGNOSTICO Y REPARACION DE CIERRE CENTRALIZADO Y ACTUADOR ELECTRICO DE PUERTA (CARROCERIA_001),1.0000,1,1,1,1.0000,IGUAL
BENCH_045,"Falta de sobrealimentación, actuador electrónico de wastegate VGT trabado en posición abierta",Falla en actuador de resorte o camara Maxi-Brake trabada (frenos de aire),CARROCERIA_NEUMATICA,TECHNICAL,True,NONE,False,"PROCEDIMIENTO: DIAGNÓSTICO DE TURBOALIMENTADOR, ACTUADOR ELECTRÓNICO WASTEGATE Y FUGAS DE PRESIÓN DE AIRE (DTC P0234 / P0299)",0.8347,0,0,1,0.2000,"PROCEDIMIENTO: DIAGNÓSTICO DE TURBOALIMENTADOR, ACTUADOR ELECTRÓNICO WASTEGATE Y FUGAS DE PRESIÓN DE AIRE (DTC P0234 / P0299)",0.8349,0,0,1,0.2000,IGUAL
BENCH_046,motor tsi entra en modo emergencia y no tiene nada de fuerza codigo p0299 baja presion turbo,Falla en actuador de resorte o camara Maxi-Brake trabada (frenos de aire),CARROCERIA_NEUMATICA,COLLOQUIAL_WHATSAPP,False,NONE,False,"PROCEDIMIENTO: DIAGNÓSTICO DE TURBOALIMENTADOR, ACTUADOR ELECTRÓNICO WASTEGATE Y FUGAS DE PRESIÓN DE AIRE (DTC P0234 / P0299)",0.1158,0,0,0,0.0000,"PROCEDIMIENTO: DIAGNÓSTICO DE TURBOALIMENTADOR, ACTUADOR ELECTRÓNICO WASTEGATE Y FUGAS DE PRESIÓN DE AIRE (DTC P0234 / P0299)",0.7096,0,0,0,0.0000,IGUAL
BENCH_047,"Pedal de embrague se queda pegado en el piso, nivel de líquido de frenos bajo en depósito compartido",Falla en actuador de turbocompresor o VGT en motores alemanes TSI / TFSI,MOTOR,WORKSHOP,False,TRANSMISSION,False,PROCEDIMIENTO: DIAGNÓSTICO DE BOMBA DE ALTA PRESIÓN (HPFP) Y SISTEMA DE INYECCIÓN DIRECTA GDI / TSI (DTC P0087 / P0088 / P0089),0.2089,0,0,0,0.0000,PROCEDIMIENTO: DIAGNÓSTICO DE BOMBA DE ALTA PRESIÓN (HPFP) Y SISTEMA DE INYECCIÓN DIRECTA GDI / TSI (DTC P0087 / P0088 / P0089),0.2068,0,0,0,0.0000,IGUAL
BENCH_048,el pedal del embrague se fue hasta el fondo y no regresa no puedo meter ningun cambio,Falla en actuador de turbocompresor o VGT en motores alemanes TSI / TFSI,MOTOR,COLLOQUIAL_WHATSAPP,False,TRANSMISSION,False,PROCEDIMIENTO: DIAGNÓSTICO DE ACTUADOR ELECTRÓNICO DE TURBOALIMENTADOR Y CONTROL DE WASTEGATE VGT (DTC P0299 / P0234),0.4374,1,1,1,1.0000,PROCEDIMIENTO: DIAGNÓSTICO DE ACTUADOR ELECTRÓNICO DE TURBOALIMENTADOR Y CONTROL DE WASTEGATE VGT (DTC P0299 / P0234),0.4379,1,1,1,1.0000,IGUAL
BENCH_049,"Tironeo fuerte bajo aceleración, código DTC P0301 fallo de encendido cilindro 1 registrado",Falla en bombin o bomba hidraulica de embrague,TRANSMISION,TECHNICAL,True,NONE,False,PROCEDIMIENTO: DIAGNÓSTICO DE FALLA DE COMBUSTIÓN EN CILINDRO 1 (DTC P0301),0.4796,0,0,0,0.0000,PROCEDIMIENTO: DIAGNÓSTICO DE FALLA DE COMBUSTIÓN EN CILINDRO 1 (DTC P0301),0.4793,0,0,0,0.0000,IGUAL
BENCH_050,el motor tiembla horrible al acelerar como si anduviera en 3 cilindros bujias o bobina,Falla en bombin o bomba hidraulica de embrague,TRANSMISION,COLLOQUIAL_WHATSAPP,False,NONE,False,PROCEDIMIENTO: DIAGNÓSTICO ACÚSTICO DIFERENCIAL Y SUSTITUCIÓN DE COLLARÍN DE EMPUJE O CRAPODINA HIDRÁULICA DE EMBRAGUE,0.2998,0,0,0,0.0000,PROCEDIMIENTO: DIAGNÓSTICO ACÚSTICO DIFERENCIAL Y SUSTITUCIÓN DE COLLARÍN DE EMPUJE O CRAPODINA HIDRÁULICA DE EMBRAGUE,0.2999,0,0,0,0.0000,IGUAL
BENCH_051,"Falla en actuador electrohidráulico Dualogic / I-Motion, código de presión baja en acumulador",Falla en bujias o bobinas de encendido (misfire),MOTOR,TECHNICAL,True,TRANSMISSION,False,PROCEDIMIENTO: CAMBIO DE BUJÍAS DE ENCENDIDO Y DIAGNÓSTICO DE MISFIRE (DTC P0300 / P0301),0.3445,1,1,1,1.0000,PROCEDIMIENTO: CAMBIO DE BUJÍAS DE ENCENDIDO Y DIAGNÓSTICO DE MISFIRE (DTC P0300 / P0301),0.3442,1,1,1,1.0000,IGUAL
BENCH_052,la caja automatizada salta a neutro sola en marcha y sale averia de transmision,Falla en bujias o bobinas de encendido (misfire),MOTOR,COLLOQUIAL_WHATSAPP,False,TRANSMISSION,False,"PROCEDIMIENTO: DIAGNÓSTICO DE RUIDO EN TREN DE ENGRANAJES, INSPECCIÓN DE IMÁN COLECTOR Y SUSTITUCIÓN DE RODAJES DE EJE PRIMARIO",0.0859,0,0,0,0.0000,"PROCEDIMIENTO: DIAGNÓSTICO DE RUIDO EN TREN DE ENGRANAJES, INSPECCIÓN DE IMÁN COLECTOR Y SUSTITUCIÓN DE RODAJES DE EJE PRIMARIO",0.0860,0,0,0,0.0000,IGUAL
BENCH_053,"Circuito abierto en inyector número 3 DTC P0203, pulso de inyección ausente con punta lógica",Falla en caja robotizada Dualogic / I-Motion / Easytronic (Fiat / VW),TRANSMISION,TECHNICAL,True,NONE,False,PROCEDIMIENTO: DIAGNÓSTICO DEL GRUPO ELECTROHIDRÁULICO Y PRESIÓN DE ACUMULADOR EN TRANSMISIONES ROBOTIZADAS DUALOGIC / I-MOTION / FREECHOICE,0.5353,1,1,1,1.0000,PROCEDIMIENTO: DIAGNÓSTICO DEL GRUPO ELECTROHIDRÁULICO Y PRESIÓN DE ACUMULADOR EN TRANSMISIONES ROBOTIZADAS DUALOGIC / I-MOTION / FREECHOICE,0.5359,1,1,1,1.0000,IGUAL
BENCH_054,falla cilindro 3 y el mecanico comprobo que no le llega corriente al enchufe del inyector,Falla en caja robotizada Dualogic / I-Motion / Easytronic (Fiat / VW),TRANSMISION,COLLOQUIAL_WHATSAPP,False,NONE,False,PROCEDIMIENTO: DIAGNÓSTICO DEL GRUPO ELECTROHIDRÁULICO Y PRESIÓN DE ACUMULADOR EN TRANSMISIONES ROBOTIZADAS DUALOGIC / I-MOTION / FREECHOICE,0.5964,1,1,1,1.0000,PROCEDIMIENTO: DIAGNÓSTICO DEL GRUPO ELECTROHIDRÁULICO Y PRESIÓN DE ACUMULADOR EN TRANSMISIONES ROBOTIZADAS DUALOGIC / I-MOTION / FREECHOICE,0.5970,1,1,1,1.0000,IGUAL
BENCH_055,"Presiones de baja y alta anómalas en A/C, clutch electromagnético no acopla al pulsar botón",Falla en circuito o solenoide de inyector individual (DTC P0201 - P0208),MOTOR,TECHNICAL,True,AC,False,"PROCEDIMIENTO: COMPROBACIÓN DE CIRCUITO ELÉCTRICO, RESISTENCIA Y PULSO DE INYECTORES DE GASOLINA (DTC P0201 A P0208)",0.3379,1,1,1,1.0000,PROCEDIMIENTO: DIAGNÓSTICO DE CONDENSADOR Y FUGAS EN EL RADIADOR DE CALEFACCIÓN / EVAPORADOR (DTC B1010 / REFRIGERANTE EN ALFOMBRA / LÍNEA AC SECA),0.3335,0,1,1,0.5000,REGRESION
BENCH_056,el aire acondicionado sale aire por las rejillas pero no enfria nada compresor no acopla gas r134a,Falla en circuito o solenoide de inyector individual (DTC P0201 - P0208),MOTOR,COLLOQUIAL_WHATSAPP,False,AC,False,PROCEDIMIENTO: DIAGNÓSTICO DE SENSORES DE POSICIÓN DE CIGÜEÑAL CKP INDUCTIVOS VS EFECTO HALL (DTC P0335 / P0339),0.3133,0,0,0,0.0000,PROCEDIMIENTO: DIAGNÓSTICO DE SENSORES DE POSICIÓN DE CIGÜEÑAL CKP INDUCTIVOS VS EFECTO HALL (DTC P0335 / P0339),0.3030,0,0,0,0.0000,IGUAL
BENCH_057,"Luz DPF encendida, saturación de hollín sobre 85%, regeneración forzada bloqueada",Falla en compresor de aire acondicionado o fuga de gas R134a,CLIMATIZACION,TECHNICAL,True,NONE,False,PROCEDIMIENTO: DIAGNOSTICO Y REGENERACION DE FILTRO DE PARTICULAS DPF Y SISTEMA ADBLUE DEF (ESCAPE_001),0.0627,0,0,0,0.0000,PROCEDIMIENTO: DIAGNOSTICO Y REGENERACION DE FILTRO DE PARTICULAS DPF Y SISTEMA ADBLUE DEF (ESCAPE_001),0.0608,0,0,0,0.0000,IGUAL
BENCH_058,en el tablero sale aviso de filtro de particulas diesel dpf tapado y no deja acelerar,Falla en compresor de aire acondicionado o fuga de gas R134a,CLIMATIZACION,COLLOQUIAL_WHATSAPP,False,NONE,False,PROCEDIMIENTO: DIAGNOSTICO Y REGENERACION DE FILTRO DE PARTICULAS DPF Y SISTEMA ADBLUE DEF (ESCAPE_001),0.1116,0,0,0,0.0000,PROCEDIMIENTO: DIAGNÓSTICO DE CONDENSADOR Y FUGAS EN EL RADIADOR DE CALEFACCIÓN / EVAPORADOR (DTC B1010 / REFRIGERANTE EN ALFOMBRA / LÍNEA AC SECA),0.4756,1,1,1,1.0000,MEJORA_HIT1
BENCH_059,Módulo FSCM recalentado no envía modulación PWM a la bomba de tanque en vehículo Ford,Falla en filtro de particulas DPF / FAP y sistema AdBlue DEF (Diesel Euro 5/6),MOTOR,TECHNICAL,True,COMBUSTIBLE,False,PROCEDIMIENTO: DIAGNÓSTICO Y REGENERACIÓN DE FILTRO DE PARTÍCULAS DPF / FAP Y SISTEMA DE UREA ADBLUE DEF (DTC P2002 / P20EE),0.9057,1,1,1,1.0000,PROCEDIMIENTO: DIAGNÓSTICO Y REGENERACIÓN DE FILTRO DE PARTÍCULAS DPF / FAP Y SISTEMA DE UREA ADBLUE DEF (DTC P2002 / P20EE),0.9104,1,1,1,1.0000,IGUAL
BENCH_060,se apaga de la nada el auto y el modulo de control de la bomba de gasolina esta hirviendo,Falla en filtro de particulas DPF / FAP y sistema AdBlue DEF (Diesel Euro 5/6),MOTOR,COLLOQUIAL_WHATSAPP,False,COMBUSTIBLE,False,PROCEDIMIENTO: DIAGNÓSTICO Y REGENERACIÓN DE FILTRO DE PARTÍCULAS DPF / FAP Y SISTEMA DE UREA ADBLUE DEF (DTC P2002 / P20EE),0.8571,1,1,1,1.0000,PROCEDIMIENTO: DIAGNÓSTICO Y REGENERACIÓN DE FILTRO DE PARTÍCULAS DPF / FAP Y SISTEMA DE UREA ADBLUE DEF (DTC P2002 / P20EE),0.8614,1,1,1,1.0000,IGUAL
BENCH_061,Al girar la llave se escucha un clac único metálico pero el motor de combustión no gira,Falla en modulo de bomba de gasolina FSCM / PEM (Ford / Chevrolet),MOTOR,WORKSHOP,False,STARTUP,False,PROCEDIMIENTO: DIAGNÓSTICO DEL MÓDULO CONTROLADOR DE BOMBA DE COMBUSTIBLE FSCM / PEM (DTC P069E / U0109),0.4909,1,1,1,1.0000,PROCEDIMIENTO: DIAGNÓSTICO DEL MÓDULO CONTROLADOR DE BOMBA DE COMBUSTIBLE FSCM / PEM (DTC P069E / U0109),0.4893,1,1,1,1.0000,IGUAL
BENCH_062,le doy arranque hace clac en seco y no gira nada la bateria esta cargada carbones de marcha,Falla en modulo de bomba de gasolina FSCM / PEM (Ford / Chevrolet),MOTOR,COLLOQUIAL_WHATSAPP,False,STARTUP,False,PROCEDIMIENTO: DIAGNÓSTICO DEL MÓDULO CONTROLADOR DE BOMBA DE COMBUSTIBLE FSCM / PEM (DTC P069E / U0109),0.4570,1,1,1,1.0000,PROCEDIMIENTO: DIAGNÓSTICO DEL MÓDULO CONTROLADOR DE BOMBA DE COMBUSTIBLE FSCM / PEM (DTC P069E / U0109),0.4547,1,1,1,1.0000,IGUAL
BENCH_063,"Presión en riel excede especificación, combustible presente en manguera de vacío del regulador",Falla en motor de arranque o solenoide defectuoso (clac seco o carbones gastados),ELECTRICO,TECHNICAL,False,COMBUSTIBLE,False,"PROCEDIMIENTO: COMPROBACIÓN DE CAÍDA DE TENSIÓN EN TERMINALES 30/50, CONTACTOS DE SOLENOIDE Y LONGITUD DE CARBONES EN MOTOR DE ARRANQUE",0.5981,1,1,1,1.0000,"PROCEDIMIENTO: COMPROBACIÓN DE CAÍDA DE TENSIÓN EN TERMINALES 30/50, CONTACTOS DE SOLENOIDE Y LONGITUD DE CARBONES EN MOTOR DE ARRANQUE",0.5990,1,1,1,1.0000,IGUAL
BENCH_064,el escape huele a gasolina cruda y saca bujias negras el regulador de presion esta roto,Falla en motor de arranque o solenoide defectuoso (clac seco o carbones gastados),ELECTRICO,COLLOQUIAL_WHATSAPP,False,COMBUSTIBLE,False,"PROCEDIMIENTO: COMPROBACIÓN DE CAÍDA DE TENSIÓN EN TERMINALES 30/50, CONTACTOS DE SOLENOIDE Y LONGITUD DE CARBONES EN MOTOR DE ARRANQUE",0.5950,1,1,1,1.0000,"PROCEDIMIENTO: COMPROBACIÓN DE CAÍDA DE TENSIÓN EN TERMINALES 30/50, CONTACTOS DE SOLENOIDE Y LONGITUD DE CARBONES EN MOTOR DE ARRANQUE",0.5952,1,1,1,1.0000,IGUAL
BENCH_065,Sensor de oxígeno Banco 1 Sensor 1 congelado en 0.9V mezcla excesivamente rica DTC P0131,Falla en regulador de presion de combustible o diafragma roto,MOTOR,TECHNICAL,True,NONE,False,PROCEDIMIENTO: MEDICIÓN DE PRESIÓN DE RIEL DE COMBUSTIBLE Y PRUEBA DE ESTANQUEIDAD DE REGULADOR DE PRESIÓN (DTC P0171 / P0172),0.4197,1,1,1,1.0000,PROCEDIMIENTO: MEDICIÓN DE PRESIÓN DE RIEL DE COMBUSTIBLE Y PRUEBA DE ESTANQUEIDAD DE REGULADOR DE PRESIÓN (DTC P0171 / P0172),0.4183,1,1,1,1.0000,IGUAL
BENCH_066,humo negro por el tubo de escape gasta mucho combustible sensor de oxigeno marcando mal,Falla en regulador de presion de combustible o diafragma roto,MOTOR,COLLOQUIAL_WHATSAPP,False,NONE,False,PROCEDIMIENTO: DIAGNÓSTICO DE SENSOR DE RELACIÓN AIRE/COMBUSTIBLE (A/F BANDA ANCHA) Y SONDA LAMBDA (DTC P0135 / P2195),0.2629,0,0,0,0.0000,PROCEDIMIENTO: DIAGNÓSTICO DE SENSOR DE RELACIÓN AIRE/COMBUSTIBLE (A/F BANDA ANCHA) Y SONDA LAMBDA (DTC P0135 / P2195),0.2620,0,0,0,0.0000,IGUAL
BENCH_067,"Corte repentino de motor en caliente, señal de sensor CKP inductivo intermitente en osciloscopio",Falla en sensor de oxigeno o mezcla rica,MOTOR,TECHNICAL,True,NONE,False,PROCEDIMIENTO: DIAGNÓSTICO DE SENSORES DE POSICIÓN DE CIGÜEÑAL CKP INDUCTIVOS VS EFECTO HALL (DTC P0335 / P0339),1.0000,0,0,1,0.2500,PROCEDIMIENTO: DIAGNÓSTICO DE SENSORES DE POSICIÓN DE CIGÜEÑAL CKP INDUCTIVOS VS EFECTO HALL (DTC P0335 / P0339),1.0000,0,0,1,0.2500,IGUAL
BENCH_068,cuando calienta el motor se apaga de golpe y hasta que no enfria 20 minutos no vuelve a encender ckp,Falla en sensor de oxigeno o mezcla rica,MOTOR,COLLOQUIAL_WHATSAPP,False,NONE,False,PROCEDIMIENTO: DIAGNÓSTICO DE SENSOR DE RELACIÓN AIRE/COMBUSTIBLE (A/F BANDA ANCHA) Y SONDA LAMBDA (DTC P0135 / P2195),0.4661,1,1,1,1.0000,PROCEDIMIENTO: DIAGNÓSTICO DE SENSOR DE RELACIÓN AIRE/COMBUSTIBLE (A/F BANDA ANCHA) Y SONDA LAMBDA (DTC P0135 / P2195),0.4667,1,1,1,1.0000,IGUAL
BENCH_069,"Luz ABS encendida fija en cuadro, código DTC C0035 sensor de velocidad rueda delantera izquierda",Falla en sensor de posicion de cigueñal (CKP) o arbol de levas (CMP),MOTOR,TECHNICAL,True,BRAKES,False,PROCEDIMIENTO: DIAGNÓSTICO Y REEMPLAZO DE SENSOR DE VELOCIDAD ABS Y CILINDRO MAESTRO (DTC C0035 / C0221),0.7626,0,1,1,0.3333,PROCEDIMIENTO: PURGADO HIDRÁULICO DE MÓDULO DE CONTROL ABS Y DIAGNÓSTICO DE SENSORES DE RUEDA (DTC C0035 / C0040 / C1101),0.7246,0,1,1,0.3333,IGUAL
BENCH_070,se prendio el foco amarillo de abs en el tablero y el scanner marca sensor de rueda roto,Falla en sensor de posicion de cigueñal (CKP) o arbol de levas (CMP),MOTOR,COLLOQUIAL_WHATSAPP,False,BRAKES,False,PROCEDIMIENTO: DIAGNÓSTICO Y REEMPLAZO DE SENSOR DE POSICIÓN DE CIGÜEÑAL CKP Y LEVAS CMP (DTC P0335 / P0340),0.5880,1,1,1,1.0000,PROCEDIMIENTO: DIAGNÓSTICO Y REEMPLAZO DE SENSOR DE POSICIÓN DE CIGÜEÑAL CKP Y LEVAS CMP (DTC P0335 / P0340),0.5880,1,1,1,1.0000,IGUAL
BENCH_071,"Pedal de freno extremadamente duro como una piedra, pérdida de asistencia por vacío roto",Falla en sensor de velocidad de rueda ABS,FRENOS,TECHNICAL,False,BRAKES,False,PROCEDIMIENTO: DIAGNÓSTICO Y REEMPLAZO DE SENSOR DE VELOCIDAD ABS Y CILINDRO MAESTRO (DTC C0035 / C0221),0.6375,1,1,1,1.0000,PROCEDIMIENTO: DIAGNÓSTICO Y REEMPLAZO DE SENSOR DE VELOCIDAD ABS Y CILINDRO MAESTRO (DTC C0035 / C0221),0.5585,1,1,1,1.0000,IGUAL
BENCH_072,el pedal de freno se puso durisimo como una tabla cuesta un mundo frenar el carro,Falla en sensor de velocidad de rueda ABS,FRENOS,COLLOQUIAL_WHATSAPP,False,BRAKES,False,PROCEDIMIENTO: DIAGNÓSTICO Y REEMPLAZO DE SENSOR DE VELOCIDAD ABS Y CILINDRO MAESTRO (DTC C0035 / C0221),0.6852,1,1,1,1.0000,PROCEDIMIENTO: DIAGNÓSTICO Y REEMPLAZO DE SENSOR DE VELOCIDAD ABS Y CILINDRO MAESTRO (DTC C0035 / C0221),0.6003,1,1,1,1.0000,IGUAL
BENCH_073,Dificultad de arranque y relación estequiométrica errónea en sistema Bi-combustible etanol/gasolina,Falla en servofreno (booster) o linea de vacio,FRENOS,TECHNICAL,True,NONE,False,"PROCEDIMIENTO: COMPROBACIÓN DE VACÍO, VÁLVULA CHECK Y RETENCIÓN DEL SERVOFRENO BOOSTER",0.6071,1,1,1,1.0000,"PROCEDIMIENTO: COMPROBACIÓN DE VACÍO, VÁLVULA CHECK Y RETENCIÓN DEL SERVOFRENO BOOSTER",0.6069,1,1,1,1.0000,IGUAL
BENCH_074,carro bi combustible no reconoce mezcla de combustible y tose mucho al prender,Falla en servofreno (booster) o linea de vacio,FRENOS,COLLOQUIAL_WHATSAPP,False,NONE,False,"PROCEDIMIENTO: COMPROBACIÓN DE VACÍO, VÁLVULA CHECK Y RETENCIÓN DEL SERVOFRENO BOOSTER",0.6567,1,1,1,1.0000,"PROCEDIMIENTO: COMPROBACIÓN DE VACÍO, VÁLVULA CHECK Y RETENCIÓN DEL SERVOFRENO BOOSTER",0.6570,1,1,1,1.0000,IGUAL
BENCH_075,"Código DTC P0442 fuga menor en sistema EVAP, válvula de purga de canister atascada abierta",Falla en sistema Flex / Bi-combustible (Alcohol/Etanol),MOTOR,TECHNICAL,True,NONE,False,PROCEDIMIENTO: DIAGNÓSTICO DE SISTEMA DE EVAPORACIÓN DE EMISIONES (EVAP) Y PURGA DE CÁNISTER (DTC P0440 / P0442 / P0455 / P0456),1.0000,0,0,1,0.2000,PROCEDIMIENTO: DIAGNÓSTICO DE SISTEMA DE EVAPORACIÓN DE EMISIONES (EVAP) Y PURGA DE CÁNISTER (DTC P0440 / P0442 / P0455 / P0456),1.0000,0,0,1,0.2500,MEJORA_RANKING
BENCH_076,olor fuerte a vapores de gasolina cerca del tanque y check engine prendido con valvula de purga,Falla en sistema Flex / Bi-combustible (Alcohol/Etanol),MOTOR,COLLOQUIAL_WHATSAPP,False,NONE,False,PROCEDIMIENTO: CALIBRACIÓN Y RECONOCIMIENTO DE MEZCLA DE COMBUSTIBLE EN MOTORES FLEX / BI-COMBUSTIBLE (ETANOL/GASOLINA),0.5953,1,1,1,1.0000,PROCEDIMIENTO: CALIBRACIÓN Y RECONOCIMIENTO DE MEZCLA DE COMBUSTIBLE EN MOTORES FLEX / BI-COMBUSTIBLE (ETANOL/GASOLINA),0.5937,1,1,1,1.0000,IGUAL
BENCH_077,Transición brusca entre frenado regenerativo y fricción hidráulica en híbrido Toyota DTC C1203,Falla en sistema de control de emisiones evaporativas EVAP (canister o valvula de purga),MOTOR,TECHNICAL,True,EV_HV,True,PROCEDIMIENTO: PRUEBA DE ESTANQUEIDAD POR PRESIÓN/HUMO Y CONTROL DE VÁLVULA DE PURGA EVAP (DTC P0440 / P0442 / P0455),0.4926,1,1,1,1.0000,PROCEDIMIENTO: DIAGNÓSTICO DE SISTEMA DE EVAPORACIÓN DE EMISIONES (EVAP) Y PURGA DE CÁNISTER (DTC P0440 / P0442 / P0455 / P0456),0.7806,1,1,1,1.0000,IGUAL
BENCH_078,en el hibrido al frenar despacio da un jaloneo raro como si frenara en dos golpes regenerativo,Falla en sistema de control de emisiones evaporativas EVAP (canister o valvula de purga),MOTOR,COLLOQUIAL_WHATSAPP,False,EV_HV,True,PROCEDIMIENTO: PRUEBA DE ESTANQUEIDAD POR PRESIÓN/HUMO Y CONTROL DE VÁLVULA DE PURGA EVAP (DTC P0440 / P0442 / P0455),0.4987,1,1,1,1.0000,PROCEDIMIENTO: DIAGNÓSTICO DE SISTEMA DE EVAPORACIÓN DE EMISIONES (EVAP) Y PURGA DE CÁNISTER (DTC P0440 / P0442 / P0455 / P0456),0.7816,1,1,1,1.0000,IGUAL
BENCH_079,"Desfase en árbol de levas de admisión VVT DTC P0011, solenoide OCV trabado con barniz de aceite",Falla en sistema de frenado regenerativo (EV / Hibridos),FRENOS,TECHNICAL,True,NONE,False,PROCEDIMIENTO: DIAGNÓSTICO DE SINCRONIZACIÓN VARIABLE VVT ÁRBOL DE LEVAS ADELANTADO (DTC P0011 / P0012),0.9014,0,0,0,0.0000,PROCEDIMIENTO: DIAGNÓSTICO DE SINCRONIZACIÓN VARIABLE VVT ÁRBOL DE LEVAS ADELANTADO (DTC P0011 / P0012),0.9015,0,0,0,0.0000,IGUAL
BENCH_080,el motor cascabelea en bajas revoluciones y pierde fuerza falla en sistema vvt-i solenoide sucio,Falla en sistema de frenado regenerativo (EV / Hibridos),FRENOS,COLLOQUIAL_WHATSAPP,False,NONE,False,PROCEDIMIENTO: DIAGNÓSTICO DEL SISTEMA DE FRENADO REGENERATIVO Y SERVOFRENO ELECTROHIDRÁULICO (EV / HÍBRIDOS),0.3995,1,1,1,1.0000,PROCEDIMIENTO: DIAGNÓSTICO DEL SISTEMA DE FRENADO REGENERATIVO Y SERVOFRENO ELECTROHIDRÁULICO (EV / HÍBRIDOS),0.3928,1,1,1,1.0000,IGUAL
BENCH_081,"Temperatura de motor sube a zona roja en tráfico detenido, motoventilador no enciende en velocidad alta",Falla en sistema de sincronizacion variable de valvulas (VVT / VVT-i / Valvetronic),MOTOR,TECHNICAL,False,NONE,False,PROCEDIMIENTO: DIAGNÓSTICO DE SINCRONIZACIÓN VARIABLE VVT ÁRBOL DE LEVAS ADELANTADO (DTC P0011 / P0012),0.3137,1,1,1,1.0000,PROCEDIMIENTO: DIAGNÓSTICO DE SINCRONIZACIÓN VARIABLE VVT ÁRBOL DE LEVAS ADELANTADO (DTC P0011 / P0012),0.3148,1,1,1,1.0000,IGUAL
BENCH_082,el carro calienta y bota vapor cuando me paro en el trafico pero corriendo en pista baja temperatura,Falla en sistema de sincronizacion variable de valvulas (VVT / VVT-i / Valvetronic),MOTOR,COLLOQUIAL_WHATSAPP,False,NONE,False,PROCEDIMIENTO: DIAGNÓSTICO DE SINCRONIZACIÓN VARIABLE VVT ÁRBOL DE LEVAS ADELANTADO (DTC P0011 / P0012),0.3472,1,1,1,1.0000,PROCEDIMIENTO: DIAGNÓSTICO DE SINCRONIZACIÓN VARIABLE VVT ÁRBOL DE LEVAS ADELANTADO (DTC P0011 / P0012),0.3488,1,1,1,1.0000,IGUAL
BENCH_083,"Vehículo eléctrico no pasa a READY, código DTC P0A1B rendimiento de inversor de tracción IGBT",Falla en termostato o motoventilador de radiador,MOTOR,TECHNICAL,True,EV_HV,True,PROCEDIMIENTO: DIAGNÓSTICO DE TERMOSTATO Y PURGA ASISTIDA DEL SISTEMA DE REFRIGERACIÓN (DTC P0128 / RECALENTAMIENTO EN SUBIDA),0.4253,1,1,1,1.0000,PROCEDIMIENTO: DIAGNÓSTICO DE TERMOSTATO Y PURGA ASISTIDA DEL SISTEMA DE REFRIGERACIÓN (DTC P0128 / RECALENTAMIENTO EN SUBIDA),0.4217,1,1,1,1.0000,IGUAL
BENCH_084,el carro hibrido o electrico no prende en ready y marca falla en el inversor de corriente,Falla en termostato o motoventilador de radiador,MOTOR,COLLOQUIAL_WHATSAPP,False,EV_HV,True,PROCEDIMIENTO: DIAGNÓSTICO DE TERMOSTATO Y PURGA ASISTIDA DEL SISTEMA DE REFRIGERACIÓN (DTC P0128 / RECALENTAMIENTO EN SUBIDA),0.4046,1,1,1,1.0000,PROCEDIMIENTO: DIAGNÓSTICO DE TERMOSTATO Y PURGA ASISTIDA DEL SISTEMA DE REFRIGERACIÓN (DTC P0128 / RECALENTAMIENTO EN SUBIDA),0.4011,1,1,1,1.0000,IGUAL
BENCH_085,"Zumbido agudo en caja automática, aceite ATF negro con olor a quemado y partículas metálicas",Fallo en inversor de corriente IGBT o motor electrico (EV),ELECTRICO,TECHNICAL,False,TRANSMISSION,False,"PROCEDIMIENTO: COMPROBACIÓN DE AISLAMIENTO, MÓDULO DE POTENCIA IGBT Y MOTOR GENERADOR ELÉCTRICO MG1/MG2 (EV / HÍBRIDOS)",0.4370,1,1,1,1.0000,"PROCEDIMIENTO: COMPROBACIÓN DE AISLAMIENTO, MÓDULO DE POTENCIA IGBT Y MOTOR GENERADOR ELÉCTRICO MG1/MG2 (EV / HÍBRIDOS)",0.4372,1,1,1,1.0000,IGUAL
BENCH_086,la caja patea al meter d o r y el aceite salio negro requemado con olor a quemado,Fallo en inversor de corriente IGBT o motor electrico (EV),ELECTRICO,COLLOQUIAL_WHATSAPP,False,TRANSMISSION,False,"PROCEDIMIENTO: COMPROBACIÓN DE AISLAMIENTO, MÓDULO DE POTENCIA IGBT Y MOTOR GENERADOR ELÉCTRICO MG1/MG2 (EV / HÍBRIDOS)",0.4915,1,1,1,1.0000,"PROCEDIMIENTO: COMPROBACIÓN DE AISLAMIENTO, MÓDULO DE POTENCIA IGBT Y MOTOR GENERADOR ELÉCTRICO MG1/MG2 (EV / HÍBRIDOS)",0.4916,1,1,1,1.0000,IGUAL
BENCH_087,Bomba eléctrica de refrigeración de electrónica de potencia inverter inoperativa DTC P0A93,Falta o degradacion de aceite de caja de cambios,TRANSMISION,TECHNICAL,True,EV_HV,True,PROCEDIMIENTO: SERVICIO A CAJA DE CAMBIOS MECANICA Y RODAJES DE DIFERENCIAL (TRANSMISION_002 / TRANSMISION_003),0.4731,1,1,1,1.0000,PROCEDIMIENTO: SERVICIO A CAJA DE CAMBIOS MECANICA Y RODAJES DE DIFERENCIAL (TRANSMISION_002 / TRANSMISION_003),0.4737,1,1,1,1.0000,IGUAL
BENCH_088,el deposito chico de enfriamiento del inversor hibrido no tiene turbulencia y recalienta,Falta o degradacion de aceite de caja de cambios,TRANSMISION,COLLOQUIAL_WHATSAPP,False,EV_HV,True,PROCEDIMIENTO: DIAGNÓSTICO DE SENSORES DE POSICIÓN DE CIGÜEÑAL CKP INDUCTIVOS VS EFECTO HALL (DTC P0335 / P0339),0.1297,0,0,0,0.0000,PROCEDIMIENTO: DIAGNÓSTICO DE SENSORES DE POSICIÓN DE CIGÜEÑAL CKP INDUCTIVOS VS EFECTO HALL (DTC P0335 / P0339),0.1294,0,0,0,0.0000,IGUAL
BENCH_089,"Silbido agudo tipo fuga de aire a presión bajo carga en turbo diésel, pérdida notable de empuje",Foco o falla en sistema de refrigeracion de bateria/inversor (EV),ELECTRICO,WORKSHOP,False,NONE,False,PROCEDIMIENTO: DIAGNOSTICO DE BATERIA DE ALTO VOLTAJE E INVERSOR EN VEHICULOS ELECTRICOS E HIBRIDOS (ELECTRICO_HV_001 A 004),0.1441,0,0,0,0.0000,PROCEDIMIENTO: DIAGNOSTICO DE BATERIA DE ALTO VOLTAJE E INVERSOR EN VEHICULOS ELECTRICOS E HIBRIDOS (ELECTRICO_HV_001 A 004),0.1447,0,0,0,0.0000,IGUAL
BENCH_090,cuando acelero se oye un soplido fuerte como aire que se escapa por una manguera del turbo,Foco o falla en sistema de refrigeracion de bateria/inversor (EV),ELECTRICO,COLLOQUIAL_WHATSAPP,False,NONE,False,PROCEDIMIENTO: DIAGNÓSTICO DE BOMBA ELÉCTRICA Y CIRCUITO DE REFRIGERACIÓN DE INVERSOR Y BATERÍA (EV / HÍBRIDOS),0.3790,1,1,1,1.0000,PROCEDIMIENTO: DIAGNÓSTICO DE BOMBA ELÉCTRICA Y CIRCUITO DE REFRIGERACIÓN DE INVERSOR Y BATERÍA (EV / HÍBRIDOS),0.3789,1,1,1,1.0000,IGUAL
BENCH_091,"Charco de refrigerante verde bajo el parachoques delantero, fisura en tanque plástico de radiador",Fuga en mangueras de intercooler o turbocompresor danado,MOTOR,WORKSHOP,False,NONE,False,"PROCEDIMIENTO: DIAGNÓSTICO DE TURBOALIMENTADOR, ACTUADOR ELECTRÓNICO WASTEGATE Y FUGAS DE PRESIÓN DE AIRE (DTC P0234 / P0299)",0.5787,1,1,1,1.0000,"PROCEDIMIENTO: DIAGNÓSTICO DE TURBOALIMENTADOR, ACTUADOR ELECTRÓNICO WASTEGATE Y FUGAS DE PRESIÓN DE AIRE (DTC P0234 / P0299)",0.6047,1,1,1,1.0000,IGUAL
BENCH_092,bota agua verde por adelante y baja el nivel del deposito todas las semanas radiador picado,Fuga en mangueras de intercooler o turbocompresor danado,MOTOR,COLLOQUIAL_WHATSAPP,False,NONE,False,"PROCEDIMIENTO: DIAGNÓSTICO DE TURBOALIMENTADOR, ACTUADOR ELECTRÓNICO WASTEGATE Y FUGAS DE PRESIÓN DE AIRE (DTC P0234 / P0299)",0.6590,1,1,1,1.0000,"PROCEDIMIENTO: DIAGNÓSTICO DE TURBOALIMENTADOR, ACTUADOR ELECTRÓNICO WASTEGATE Y FUGAS DE PRESIÓN DE AIRE (DTC P0234 / P0299)",0.6592,1,1,1,1.0000,IGUAL
BENCH_093,Pedal de freno se va al fondo lentamente al mantenerlo pisado en detención en pendiente,Fuga en mangueras de refrigerante o radiador picado,MOTOR,TECHNICAL,False,BRAKES,True,PROCEDIMIENTO: DIAGNÓSTICO DE FUGA EN SISTEMA DE ENFRIAMIENTO Y PRUEBA DE PRESIÓN DE RADIADOR Y MANGUERAS (DTC P0128),0.3865,1,1,1,1.0000,PROCEDIMIENTO: DIAGNÓSTICO DE FUGA EN SISTEMA DE ENFRIAMIENTO Y PRUEBA DE PRESIÓN DE RADIADOR Y MANGUERAS (DTC P0128),0.4003,1,1,1,1.0000,IGUAL
BENCH_094,piso el freno en una bajada y se va hundiendo despacito hasta el piso como esponjoso,Fuga en mangueras de refrigerante o radiador picado,MOTOR,COLLOQUIAL_WHATSAPP,False,BRAKES,True,PROCEDIMIENTO: DIAGNÓSTICO DE FUGA EN SISTEMA DE ENFRIAMIENTO Y PRUEBA DE PRESIÓN DE RADIADOR Y MANGUERAS (DTC P0128),0.3962,1,1,1,1.0000,PROCEDIMIENTO: DIAGNÓSTICO DE FUGA EN SISTEMA DE ENFRIAMIENTO Y PRUEBA DE PRESIÓN DE RADIADOR Y MANGUERAS (DTC P0128),0.4093,1,1,1,1.0000,IGUAL
BENCH_095,Presión en riel diésel no alcanza 250 bar durante arranque en Hilux DTC P0087 riel Common Rail,Fuga hidraulica o aire en el sistema de frenos,FRENOS,TECHNICAL,True,COMBUSTIBLE,True,PROCEDIMIENTO: DIAGNOSTICO DE SISTEMA COMMON RAIL DIESEL Y BOMBA DE ALTA PRESION (COMBUSTIBLE_005),0.8852,0,0,0,0.0000,PROCEDIMIENTO: MEDICIÓN DE RETORNO DE INYECTORES Y CONTROL DE PRESIÓN COMMON RAIL DIESEL (DTC P0087 / P0088),0.8081,0,0,0,0.0000,IGUAL
BENCH_096,camioneta petrolera toyota hilux demora un monton en arrancar common rail presion baja en riel,Fuga hidraulica o aire en el sistema de frenos,FRENOS,COLLOQUIAL_WHATSAPP,False,COMBUSTIBLE,True,PROCEDIMIENTO: DIAGNOSTICO DE SISTEMA COMMON RAIL DIESEL Y BOMBA DE ALTA PRESION (COMBUSTIBLE_005),0.1146,0,0,0,0.0000,PROCEDIMIENTO: DIAGNOSTICO DE SISTEMA COMMON RAIL DIESEL Y BOMBA DE ALTA PRESION (COMBUSTIBLE_005),0.1091,0,0,0,0.0000,IGUAL
BENCH_097,"Consumo parásito de 350 mA en reposo con vehículo bloqueado, descarga de batería en 24 horas",Fuga o baja presion en sistema Common Rail Diesel (Camiones/Pickups),MOTOR,TECHNICAL,False,STARTUP,False,PROCEDIMIENTO: MEDICIÓN DE RETORNO DE INYECTORES Y CONTROL DE PRESIÓN COMMON RAIL DIESEL (DTC P0087 / P0088),0.5846,1,1,1,1.0000,PROCEDIMIENTO: MEDICIÓN DE RETORNO DE INYECTORES Y CONTROL DE PRESIÓN COMMON RAIL DIESEL (DTC P0087 / P0088),0.5627,1,1,1,1.0000,IGUAL
BENCH_098,si dejo el carro parado dos dias amanece totalmente muerto sin nada de bateria fuga de corriente,Fuga o baja presion en sistema Common Rail Diesel (Camiones/Pickups),MOTOR,COLLOQUIAL_WHATSAPP,False,STARTUP,False,PROCEDIMIENTO: MEDICIÓN DE RETORNO DE INYECTORES Y CONTROL DE PRESIÓN COMMON RAIL DIESEL (DTC P0087 / P0088),0.5645,1,1,1,1.0000,PROCEDIMIENTO: MEDICIÓN DE RETORNO DE INYECTORES Y CONTROL DE PRESIÓN COMMON RAIL DIESEL (DTC P0087 / P0088),0.5429,1,1,1,1.0000,IGUAL
BENCH_099,"Pérdida de presión en manómetro de aire circuito primario de camión, silbido en racores de freno",Fuga parasita de corriente en reposo (consumo nocturno de bateria),ELECTRICO,TECHNICAL,False,TRUCK,True,PROCEDIMIENTO: DIAGNÓSTICO DE BAJO VOLTAJE DEL SISTEMA ELÉCTRICO Y ALTERNADOR (DTC P0562),0.1533,0,0,0,0.0000,PROCEDIMIENTO: DIAGNÓSTICO DE BAJO VOLTAJE DEL SISTEMA ELÉCTRICO Y ALTERNADOR (DTC P0562),0.1534,0,0,0,0.0000,IGUAL
BENCH_100,el camion pierde aire por las canerias de frenos en la noche descarga los tanques,Fuga parasita de corriente en reposo (consumo nocturno de bateria),ELECTRICO,COLLOQUIAL_WHATSAPP,False,TRUCK,True,PROCEDIMIENTO: MEDICIÓN DE CONSUMO PARÁSITO EN REPOSO MEDIANTE CAÍDA DE MILIVOLTIOS EN FUSIBLES Y AISLAMIENTO DE CIRCUITOS (DTC P0562),0.3043,1,1,1,1.0000,PROCEDIMIENTO: MEDICIÓN DE CONSUMO PARÁSITO EN REPOSO MEDIANTE CAÍDA DE MILIVOLTIOS EN FUSIBLES Y AISLAMIENTO DE CIRCUITOS (DTC P0562),0.3051,1,1,1,1.0000,IGUAL
BENCH_101,"Inyectores de gasolina con caudal disparejo en banco de pruebas, filtro de línea colmatado",Fugas de aire o fallos en el sistema de frenos neumático (Camiones),CARROCERIA_NEUMATICA,WORKSHOP,False,COMBUSTIBLE,False,PROCEDIMIENTO: DIAGNOSTICO DE SISTEMA DE FRENOS DE AIRE NEUMATICOS EN CAMIONES (FRENO_006 / FRENO_007),0.3999,1,1,1,1.0000,PROCEDIMIENTO: DIAGNOSTICO DE SISTEMA DE FRENOS DE AIRE NEUMATICOS EN CAMIONES (FRENO_006 / FRENO_007),0.3990,1,1,1,1.0000,IGUAL
BENCH_102,jalonea en alta y cuando acelero parece que se ahoga inyectores sucios o filtro tapado,Fugas de aire o fallos en el sistema de frenos neumático (Camiones),CARROCERIA_NEUMATICA,COLLOQUIAL_WHATSAPP,False,COMBUSTIBLE,False,PROCEDIMIENTO: DIAGNOSTICO DE SISTEMA DE FRENOS DE AIRE NEUMATICOS EN CAMIONES (FRENO_006 / FRENO_007),0.3298,1,1,1,1.0000,PROCEDIMIENTO: DIAGNOSTICO DE SISTEMA DE FRENOS DE AIRE NEUMATICOS EN CAMIONES (FRENO_006 / FRENO_007),0.3297,1,1,1,1.0000,IGUAL
BENCH_103,Chasquido clac-clac-clac continuo en rueda delantera al doblar el volante cerrado acelerando,Inyectores sucios o filtro de combustible obstruido,MOTOR,WORKSHOP,False,VIBRATION,False,"PROCEDIMIENTO: DIAGNÓSTICO ELECTROMECÁNICO DEL MOTOR DE ARRANQUE, SOLENOIDE Y CAÍDA DE TENSIÓN EN TERMINAL 50 (SIN ESCÁNER / CLAC SECO)",0.0953,0,0,0,0.0000,"PROCEDIMIENTO: DIAGNÓSTICO ELECTROMECÁNICO DEL MOTOR DE ARRANQUE, SOLENOIDE Y CAÍDA DE TENSIÓN EN TERMINAL 50 (SIN ESCÁNER / CLAC SECO)",0.0952,0,0,0,0.0000,IGUAL
BENCH_104,suena un trac trac trac clarito en la llanta delantera cuando giro toda la curva acelerando palier,Inyectores sucios o filtro de combustible obstruido,MOTOR,COLLOQUIAL_WHATSAPP,False,VIBRATION,False,PROCEDIMIENTO: MEDICIÓN DE ALABEO CON RELOJ COMPARADOR Y REEMPLAZO DE RODAMIENTO DE MAZA DE RUEDA,0.0809,0,0,0,0.0000,PROCEDIMIENTO: MEDICIÓN DE ALABEO CON RELOJ COMPARADOR Y REEMPLAZO DE RODAMIENTO DE MAZA DE RUEDA,0.0810,0,0,0,0.0000,IGUAL
BENCH_105,"Brazos limpiaparabrisas no se mueven en ninguna velocidad, motor pluma no recibe alimentación",Juntas homocineticas o palieres danados,SUSPENSION_CHASIS,WORKSHOP,False,NONE,False,PROCEDIMIENTO: CALIBRACIÓN DE PUNTO CERO DEL SENSOR DE ÁNGULO DE DIRECCIÓN (SAS / DTC C1260 / C0460 / TESTIGO ESP ENCENDIDO TRAS ALINEAR),0.2956,0,0,0,0.0000,PROCEDIMIENTO: CALIBRACIÓN DE PUNTO CERO DEL SENSOR DE ÁNGULO DE DIRECCIÓN (SAS / DTC C1260 / C0460 / TESTIGO ESP ENCENDIDO TRAS ALINEAR),0.2956,0,0,0,0.0000,IGUAL
BENCH_106,prendo las plumas del parabrisas y no se mueven nada lloviendo y se quedaron paradas,Juntas homocineticas o palieres danados,SUSPENSION_CHASIS,COLLOQUIAL_WHATSAPP,False,NONE,False,PROCEDIMIENTO: CALIBRACIÓN DE PUNTO CERO DEL SENSOR DE ÁNGULO DE DIRECCIÓN (SAS / DTC C1260 / C0460 / TESTIGO ESP ENCENDIDO TRAS ALINEAR),0.3791,0,0,0,0.0000,PROCEDIMIENTO: CALIBRACIÓN DE PUNTO CERO DEL SENSOR DE ÁNGULO DE DIRECCIÓN (SAS / DTC C1260 / C0460 / TESTIGO ESP ENCENDIDO TRAS ALINEAR),0.3777,0,0,0,0.0000,IGUAL
BENCH_107,Vibración rítmica en la carrocería entre 90 y 110 km/h que desaparece al reducir velocidad,Limpiaparabrisas o motor pluma quemado,CARROCERIA_NEUMATICA,TECHNICAL,False,VIBRATION,False,PROCEDIMIENTO: DIAGNOSTICO Y REEMPLAZO DE MOTOR DE LIMPIAPARABRISAS / PLUMAS (CARROCERIA_004),0.6125,1,1,1,1.0000,PROCEDIMIENTO: DIAGNOSTICO Y REEMPLAZO DE MOTOR DE LIMPIAPARABRISAS / PLUMAS (CARROCERIA_004),0.6118,1,1,1,1.0000,IGUAL
BENCH_108,a 100 por hora tiembla todo el piso y el asiento pero el timon esta quieto balanceo de llantas,Limpiaparabrisas o motor pluma quemado,CARROCERIA_NEUMATICA,COLLOQUIAL_WHATSAPP,False,VIBRATION,False,PROCEDIMIENTO: DIAGNOSTICO Y REEMPLAZO DE MOTOR DE LIMPIAPARABRISAS / PLUMAS (CARROCERIA_004),0.7185,1,1,1,1.0000,PROCEDIMIENTO: DIAGNOSTICO Y REEMPLAZO DE MOTOR DE LIMPIAPARABRISAS / PLUMAS (CARROCERIA_004),0.7172,1,1,1,1.0000,IGUAL
BENCH_109,"Compresión de cilindro 2 en 60 PSI, prueba de fugas indica escape de aire por la admisión",Llantas desbalanceadas o desalineadas,SUSPENSION_CHASIS,TECHNICAL,False,NONE,False,PROCEDIMIENTO: BALANCEO DINÁMICO DE RUEDAS EN EQUILIBRADORA Y ALINEACIÓN LÁSER DE DIRECCIÓN (VIBRACIÓN A VELOCIDAD DE CRUCERO / JALONEO LATERAL),0.2656,1,1,1,1.0000,PROCEDIMIENTO: BALANCEO DINÁMICO DE RUEDAS EN EQUILIBRADORA Y ALINEACIÓN LÁSER DE DIRECCIÓN (VIBRACIÓN A VELOCIDAD DE CRUCERO / JALONEO LATERAL),0.2660,1,1,1,1.0000,IGUAL
BENCH_110,mecanico midio compresion de motor y un cilindro no tiene nada de presion valvula doblada,Llantas desbalanceadas o desalineadas,SUSPENSION_CHASIS,COLLOQUIAL_WHATSAPP,False,NONE,False,PROCEDIMIENTO: BALANCEO DINÁMICO DE RUEDAS EN EQUILIBRADORA Y ALINEACIÓN LÁSER DE DIRECCIÓN (VIBRACIÓN A VELOCIDAD DE CRUCERO / JALONEO LATERAL),0.2787,1,1,1,1.0000,PROCEDIMIENTO: BALANCEO DINÁMICO DE RUEDAS EN EQUILIBRADORA Y ALINEACIÓN LÁSER DE DIRECCIÓN (VIBRACIÓN A VELOCIDAD DE CRUCERO / JALONEO LATERAL),0.2788,1,1,1,1.0000,IGUAL
BENCH_111,Zumbido continuo en caja de cambios mecánica que cambia de tono al acelerar y desacelerar,Perdida de compresion en cilindro por valvulas pisadas o anillos desgastados,MOTOR,WORKSHOP,False,TRANSMISSION,False,"PROCEDIMIENTO: DIAGNÓSTICO DE RUIDO EN TREN DE ENGRANAJES, INSPECCIÓN DE IMÁN COLECTOR Y SUSTITUCIÓN DE RODAJES DE EJE PRIMARIO",0.0974,0,0,0,0.0000,"PROCEDIMIENTO: DIAGNÓSTICO DE RUIDO EN TREN DE ENGRANAJES, INSPECCIÓN DE IMÁN COLECTOR Y SUSTITUCIÓN DE RODAJES DE EJE PRIMARIO",0.0973,0,0,0,0.0000,IGUAL
BENCH_112,la caja manual tiene un zumbido como turbina en marcha rodamiento de caja o corona zumba,Perdida de compresion en cilindro por valvulas pisadas o anillos desgastados,MOTOR,COLLOQUIAL_WHATSAPP,False,TRANSMISSION,False,PROCEDIMIENTO: DIAGNÓSTICO ACÚSTICO DIFERENCIAL Y SUSTITUCIÓN DE COLLARÍN DE EMPUJE O CRAPODINA HIDRÁULICA DE EMBRAGUE,0.0874,0,0,0,0.0000,PROCEDIMIENTO: DIAGNÓSTICO ACÚSTICO DIFERENCIAL Y SUSTITUCIÓN DE COLLARÍN DE EMPUJE O CRAPODINA HIDRÁULICA DE EMBRAGUE,0.0872,0,0,0,0.0000,IGUAL
BENCH_113,Ruido de arrastre en eje primario de transmisión manual en neutro que desaparece al pisar embrague,Rodajes de caja mecanica o diferencial gastados,TRANSMISION,TECHNICAL,False,TRANSMISSION,False,"PROCEDIMIENTO: DIAGNÓSTICO DE RUIDO EN TREN DE ENGRANAJES, INSPECCIÓN DE IMÁN COLECTOR Y SUSTITUCIÓN DE RODAJES DE EJE PRIMARIO",0.3526,0,0,0,0.0000,"PROCEDIMIENTO: DIAGNÓSTICO DE RUIDO EN TREN DE ENGRANAJES, INSPECCIÓN DE IMÁN COLECTOR Y SUSTITUCIÓN DE RODAJES DE EJE PRIMARIO",0.3525,0,0,0,0.0000,IGUAL
BENCH_114,en neutro la caja hace un ruido ronco suelto y cuando piso el embrague se silencia eje de entrada,Rodajes de caja mecanica o diferencial gastados,TRANSMISION,COLLOQUIAL_WHATSAPP,False,TRANSMISSION,False,"PROCEDIMIENTO: DIAGNÓSTICO DE RUIDO EN TREN DE ENGRANAJES, INSPECCIÓN DE IMÁN COLECTOR Y SUSTITUCIÓN DE RODAJES DE EJE PRIMARIO",0.3157,0,0,0,0.0000,"PROCEDIMIENTO: DIAGNÓSTICO DE RUIDO EN TREN DE ENGRANAJES, INSPECCIÓN DE IMÁN COLECTOR Y SUSTITUCIÓN DE RODAJES DE EJE PRIMARIO",0.3154,0,0,0,0.0000,IGUAL
BENCH_115,Zumbido tipo avión u oscilación sorda que aumenta en curvas hacia un lado específico de la rueda,Rodajes de transmision manual o eje primario gastados,TRANSMISION,WORKSHOP,False,VIBRATION,False,"PROCEDIMIENTO: DIAGNÓSTICO DE RUIDO EN TREN DE ENGRANAJES, INSPECCIÓN DE IMÁN COLECTOR Y SUSTITUCIÓN DE RODAJES DE EJE PRIMARIO",0.4792,1,1,1,1.0000,"PROCEDIMIENTO: DIAGNÓSTICO DE RUIDO EN TREN DE ENGRANAJES, INSPECCIÓN DE IMÁN COLECTOR Y SUSTITUCIÓN DE RODAJES DE EJE PRIMARIO",0.4786,1,1,1,1.0000,IGUAL
BENCH_116,suena un zumbido feo en la rueda izquierda que aumenta mientras mas rapido voy como rodaje roto,Rodajes de transmision manual o eje primario gastados,TRANSMISION,COLLOQUIAL_WHATSAPP,False,VIBRATION,False,"PROCEDIMIENTO: DIAGNÓSTICO DE RUIDO EN TREN DE ENGRANAJES, INSPECCIÓN DE IMÁN COLECTOR Y SUSTITUCIÓN DE RODAJES DE EJE PRIMARIO",0.4568,1,1,1,1.0000,"PROCEDIMIENTO: DIAGNÓSTICO DE RUIDO EN TREN DE ENGRANAJES, INSPECCIÓN DE IMÁN COLECTOR Y SUSTITUCIÓN DE RODAJES DE EJE PRIMARIO",0.4567,1,1,1,1.0000,IGUAL
BENCH_117,"Aviso de sobrecalentamiento de transmisión CVT / DSG, patinamiento de variador DTC P0841",Rodamiento de maza o rodaje de rueda picado (zumbido de rodadura),SUSPENSION_CHASIS,TECHNICAL,True,TRANSMISSION,False,"PROCEDIMIENTO: DIAGNÓSTICO Y SERVICIO A TRANSMISIÓN CONTINUAMENTE VARIABLE CVT NISSAN SENTRA (VARIADORES, CORREA METÁLICA, SOLENOIDES Y SOBRECALENTAMIENTO / DTC P0700 / P0701 / P0841)",0.6117,0,0,0,0.0000,"PROCEDIMIENTO: DIAGNÓSTICO Y SERVICIO A TRANSMISIÓN CONTINUAMENTE VARIABLE CVT NISSAN SENTRA (VARIADORES, CORREA METÁLICA, SOLENOIDES Y SOBRECALENTAMIENTO / DTC P0700 / P0701 / P0841)",0.6121,0,0,0,0.0000,IGUAL
BENCH_118,caja cvt se calienta en subidas de carretera pierde traccion solenoides o aceite degradado,Rodamiento de maza o rodaje de rueda picado (zumbido de rodadura),SUSPENSION_CHASIS,COLLOQUIAL_WHATSAPP,False,TRANSMISSION,False,PROCEDIMIENTO: MEDICIÓN DE ALABEO CON RELOJ COMPARADOR Y REEMPLAZO DE RODAMIENTO DE MAZA DE RUEDA,0.4224,1,1,1,1.0000,PROCEDIMIENTO: MEDICIÓN DE ALABEO CON RELOJ COMPARADOR Y REEMPLAZO DE RODAMIENTO DE MAZA DE RUEDA,0.4227,1,1,1,1.0000,IGUAL
BENCH_119,Válvula de freno o cartucho secador de aire APS saturado de aceite en sistema neumático de camión,Sobrecalentamiento o solenoides en caja automatica CVT / DSG,TRANSMISION,TECHNICAL,False,TRUCK,True,"PROCEDIMIENTO: DIAGNÓSTICO Y SERVICIO A TRANSMISIÓN CONTINUAMENTE VARIABLE CVT NISSAN SENTRA (VARIADORES, CORREA METÁLICA, SOLENOIDES Y SOBRECALENTAMIENTO / DTC P0700 / P0701 / P0841)",0.2698,0,0,0,0.0000,PROCEDIMIENTO: DIAGNÓSTICO Y REEMPLAZO DE MECATRÓNICA Y EMBRAGUE DOBLE EN TRANSMISIÓN DSG / DCT (DTC P0741 / P17BF / TIRONES EN CAMBIOS),0.4456,1,1,1,1.0000,MEJORA_HIT1
BENCH_120,la valvula de descarga del camion escupe aceite con agua y los tanques de aire estan llenos de humedad,Sobrecalentamiento o solenoides en caja automatica CVT / DSG,TRANSMISION,COLLOQUIAL_WHATSAPP,False,TRUCK,True,"PROCEDIMIENTO: DIAGNÓSTICO Y SERVICIO A TRANSMISIÓN CONTINUAMENTE VARIABLE CVT NISSAN SENTRA (VARIADORES, CORREA METÁLICA, SOLENOIDES Y SOBRECALENTAMIENTO / DTC P0700 / P0701 / P0841)",0.2568,0,0,0,0.0000,PROCEDIMIENTO: DIAGNÓSTICO Y REEMPLAZO DE MECATRÓNICA Y EMBRAGUE DOBLE EN TRANSMISIÓN DSG / DCT (DTC P0741 / P17BF / TIRONES EN CAMBIOS),0.4398,1,1,1,1.0000,MEJORA_HIT1
BENCH_121,Falla vehicular en sistema CARROCERIA_NEUMATICA correspondiente a Válvula de freno de aire o secador APS obstruido (Camiones),Válvula de freno de aire o secador APS obstruido (Camiones),CARROCERIA_NEUMATICA,TECHNICAL,False,NONE,False,"PROCEDIMIENTO: DIAGNÓSTICO DE VÁLVULA DE CUATRO VÍAS, SECADOR DE AIRE APS Y REGULADOR DE PRESIÓN NEUMÁTICO (CAMIONES)",0.6001,1,1,1,1.0000,"PROCEDIMIENTO: DIAGNÓSTICO DE VÁLVULA DE CUATRO VÍAS, SECADOR DE AIRE APS Y REGULADOR DE PRESIÓN NEUMÁTICO (CAMIONES)",0.5990,1,1,1,1.0000,IGUAL
BENCH_122,consulta de cliente en taller mecanico sobre problema de Válvula de freno de aire o secador APS obstruido (Camiones),Válvula de freno de aire o secador APS obstruido (Camiones),CARROCERIA_NEUMATICA,COLLOQUIAL_WHATSAPP,False,NONE,False,"PROCEDIMIENTO: DIAGNÓSTICO DE VÁLVULA DE CUATRO VÍAS, SECADOR DE AIRE APS Y REGULADOR DE PRESIÓN NEUMÁTICO (CAMIONES)",0.6116,1,1,1,1.0000,"PROCEDIMIENTO: DIAGNÓSTICO DE VÁLVULA DE CUATRO VÍAS, SECADOR DE AIRE APS Y REGULADOR DE PRESIÓN NEUMÁTICO (CAMIONES)",0.6106,1,1,1,1.0000,IGUAL
