item_id,class,proposed_content,reason_blocked,missing_source,safety_risk,OEM_dependency,future_action
BLK_001_CHG-001,Corregir atributo falla y sistema en RAG_PROC_047,Procedimientos o valores universales no soportados por manual técnico trazable,Clasificación Reconciliación: A — RESPALDADO / E — CAMBIO ESTRUCTURAL. Falta de fuente documental primaria verificable.,Manual de Taller de Fabricante (OEM Service Manual) con ISBN / Depósito Legal,MEDIO,SI,Incorporar en Fase posterior únicamente cuando se disponga de manual OEM con licencia autorizada.
BLK_002_CHG-002,Corregir atributo falla y sistema en RAG_PROC_060,Procedimientos o valores universales no soportados por manual técnico trazable,Clasificación Reconciliación: A — RESPALDADO / E — CAMBIO ESTRUCTURAL. Falta de fuente documental primaria verificable.,Manual de Taller de Fabricante (OEM Service Manual) con ISBN / Depósito Legal,MEDIO,SI,Incorporar en Fase posterior únicamente cuando se disponga de manual OEM con licencia autorizada.
BLK_003_CHG-003,Corregir atributo falla en RAG_PROC_061,Procedimientos o valores universales no soportados por manual técnico trazable,Clasificación Reconciliación: B — PARCIALMENTE RESPALDADO / E — CAMBIO ESTRUCTURAL. Falta de fuente documental primaria verificable.,Manual de Taller de Fabricante (OEM Service Manual) con ISBN / Depósito Legal,MEDIO,SI,Incorporar en Fase posterior únicamente cuando se disponga de manual OEM con licencia autorizada.
BLK_004_CHG-004,Corregir atributo falla y sistema en RAG_PROC_067,Procedimientos o valores universales no soportados por manual técnico trazable,Clasificación Reconciliación: A — RESPALDADO / E — CAMBIO ESTRUCTURAL. Falta de fuente documental primaria verificable.,Manual de Taller de Fabricante (OEM Service Manual) con ISBN / Depósito Legal,MEDIO,SI,Incorporar en Fase posterior únicamente cuando se disponga de manual OEM con licencia autorizada.
BLK_005_CHG-005,Corregir atributo falla en RAG_PROC_075,Procedimientos o valores universales no soportados por manual técnico trazable,Clasificación Reconciliación: A — RESPALDADO / E — CAMBIO ESTRUCTURAL. Falta de fuente documental primaria verificable.,Manual de Taller de Fabricante (OEM Service Manual) con ISBN / Depósito Legal,MEDIO,SI,Incorporar en Fase posterior únicamente cuando se disponga de manual OEM con licencia autorizada.
BLK_006_CHG-006,Corregir atributo falla en RAG_PROC_109,Procedimientos o valores universales no soportados por manual técnico trazable,Clasificación Reconciliación: A — RESPALDADO / E — CAMBIO ESTRUCTURAL. Falta de fuente documental primaria verificable.,Manual de Taller de Fabricante (OEM Service Manual) con ISBN / Depósito Legal,MEDIO,SI,Incorporar en Fase posterior únicamente cuando se disponga de manual OEM con licencia autorizada.
BLK_007_CHG-007,Reclasificar RAG_PROC_113 a SUSPENSION_CHASIS transversal,Procedimientos o valores universales no soportados por manual técnico trazable,Clasificación Reconciliación: A — RESPALDADO / E — CAMBIO ESTRUCTURAL. Falta de fuente documental primaria verificable.,Manual de Taller de Fabricante (OEM Service Manual) con ISBN / Depósito Legal,MEDIO,SI,Incorporar en Fase posterior únicamente cuando se disponga de manual OEM con licencia autorizada.
BLK_008_CHG-008,Corregir atributo falla en RAG_PROC_114,Procedimientos o valores universales no soportados por manual técnico trazable,Clasificación Reconciliación: A — RESPALDADO / E — CAMBIO ESTRUCTURAL. Falta de fuente documental primaria verificable.,Manual de Taller de Fabricante (OEM Service Manual) con ISBN / Depósito Legal,MEDIO,SI,Incorporar en Fase posterior únicamente cuando se disponga de manual OEM con licencia autorizada.
BLK_009_CHG-009,Corregir atributo falla y sistema en RAG_PROC_142,Procedimientos o valores universales no soportados por manual técnico trazable,Clasificación Reconciliación: A — RESPALDADO / E — CAMBIO ESTRUCTURAL. Falta de fuente documental primaria verificable.,Manual de Taller de Fabricante (OEM Service Manual) con ISBN / Depósito Legal,MEDIO,SI,Incorporar en Fase posterior únicamente cuando se disponga de manual OEM con licencia autorizada.
BLK_010_CHG-010,Corregir atributo falla en RAG_PROC_154,Procedimientos o valores universales no soportados por manual técnico trazable,Clasificación Reconciliación: A — RESPALDADO / E — CAMBIO ESTRUCTURAL. Falta de fuente documental primaria verificable.,Manual de Taller de Fabricante (OEM Service Manual) con ISBN / Depósito Legal,MEDIO,SI,Incorporar en Fase posterior únicamente cuando se disponga de manual OEM con licencia autorizada.
BLK_011_CHG-011,Reemplazar chunk stub de 56 car. en Nissan Versa 2021,Inyección de texto técnico sintético para rellenar stub de Toyota Corolla sin manual OEM físico,Clasificación Reconciliación: C — REQUIERE FUENTE. Falta de fuente documental primaria verificable.,Manual de Taller de Fabricante (OEM Service Manual) con ISBN / Depósito Legal,MEDIO,SI,Incorporar en Fase posterior únicamente cuando se disponga de manual OEM con licencia autorizada.
BLK_012_CHG-012,Reemplazar chunk stub de 56 car. en Toyota Corolla 2019,Inyección de texto técnico sintético para rellenar stub de Nissan Versa sin manual OEM físico,Clasificación Reconciliación: C — REQUIERE FUENTE. Falta de fuente documental primaria verificable.,Manual de Taller de Fabricante (OEM Service Manual) con ISBN / Depósito Legal,MEDIO,SI,Incorporar en Fase posterior únicamente cuando se disponga de manual OEM con licencia autorizada.
BLK_013_CHG-013,Incorporar bloque obligatorio de seguridad de Alta Tensión en EV/HV,Procedimientos invasivos de desarme de celdas o inversor HV generados por IA,Clasificación Reconciliación: B — PARCIALMENTE RESPALDADO. Falta de fuente documental primaria verificable.,Manual de Taller de Fabricante (OEM Service Manual) con ISBN / Depósito Legal,ALTO,SI,Incorporar en Fase posterior únicamente cuando se disponga de manual OEM con licencia autorizada.
BLK_014_CHG-014,"Incorporar advertencia de inyección subcutánea en Common Rail (1,600+ bar)",Valores fijos de presión de riel (>1800 bar) sin condición de prueba específica de motor,Clasificación Reconciliación: A — RESPALDADO. Falta de fuente documental primaria verificable.,Manual de Taller de Fabricante (OEM Service Manual) con ISBN / Depósito Legal,ALTO,SI,Incorporar en Fase posterior únicamente cuando se disponga de manual OEM con licencia autorizada.
BLK_015_CHG-015,Protocolo de despresurización de línea de gasolina antes de apertura,Presiones universales '45-60 PSI' generalizadas para todos los sistemas de inyección,Clasificación Reconciliación: A — RESPALDADO. Falta de fuente documental primaria verificable.,Manual de Taller de Fabricante (OEM Service Manual) con ISBN / Depósito Legal,ALTO,SI,Incorporar en Fase posterior únicamente cuando se disponga de manual OEM con licencia autorizada.
BLK_016_CHG-016,Procedimiento de diagnóstico dinámico de A/C (carretera vs detenido),Presiones universales fijas de A/C (50-60 PSI baja / 120-140 PSI alta) no trazables,Clasificación Reconciliación: B — PARCIALMENTE RESPALDADO. Falta de fuente documental primaria verificable.,Manual de Taller de Fabricante (OEM Service Manual) con ISBN / Depósito Legal,MEDIO,SI,Incorporar en Fase posterior únicamente cuando se disponga de manual OEM con licencia autorizada.
BLK_017_CHG-017,Incorporar preguntas discriminantes explícitas y descarte en Grupos A a E,Árboles sintéticos de misfire con probabilidades artificiales para sustitución de piezas,Clasificación Reconciliación: C — REQUIERE FUENTE / REQUIERE_VALIDACION_MANUAL. Falta de fuente documental primaria verificable.,Manual de Taller de Fabricante (OEM Service Manual) con ISBN / Depósito Legal,MEDIO,SI,Incorporar en Fase posterior únicamente cuando se disponga de manual OEM con licencia autorizada.
BLK_018_CHG-018,Migración de los 239 registros al formato de schema enriquecido schema_v2,Procedimientos o valores universales no soportados por manual técnico trazable,Clasificación Reconciliación: E — CAMBIO ESTRUCTURAL. Falta de fuente documental primaria verificable.,Manual de Taller de Fabricante (OEM Service Manual) con ISBN / Depósito Legal,MEDIO,SI,Incorporar en Fase posterior únicamente cuando se disponga de manual OEM con licencia autorizada.
BLK_019_CHG-019,"Integrar lookup relacional SQLite para el catálogo DTC (18,805 códigos) en query builder",Procedimientos o valores universales no soportados por manual técnico trazable,Clasificación Reconciliación: E — CAMBIO ESTRUCTURAL. Falta de fuente documental primaria verificable.,Manual de Taller de Fabricante (OEM Service Manual) con ISBN / Depósito Legal,MEDIO,SI,Incorporar en Fase posterior únicamente cuando se disponga de manual OEM con licencia autorizada.
BLK_020_CHG-020,Generar manifiesto posicional estricto con hashes SHA-256 (corpus_manifest.json),Procedimientos o valores universales no soportados por manual técnico trazable,Clasificación Reconciliación: E — CAMBIO ESTRUCTURAL. Falta de fuente documental primaria verificable.,Manual de Taller de Fabricante (OEM Service Manual) con ISBN / Depósito Legal,MEDIO,SI,Incorporar en Fase posterior únicamente cuando se disponga de manual OEM con licencia autorizada.
