id,taller_id,vehiculo_marca_modelo,diagnostico_id,fase_previa,tipo_registro_previo,estado_registro_previo,origen_clave,tipo_registro_nuevo,estado_registro_nuevo,motivo
918e6400-270f-47df-8e23-c4c939fece65,5313362a-c18d-456f-892d-a8980155c461,Toyota Yaris,,Pre-test,PILOT,borrador,PILOTO_TEMPORAL_20260919_PRE_001,PILOT,borrador,Reclasificacion de registros piloto temporales para blindaje oficial de muestra (0/60)
1c875ac8-1b5b-4bc9-9b42-b3124d6eb1f5,5313362a-c18d-456f-892d-a8980155c461,Hyundai Accent,,Pre-test,PILOT,borrador,PILOTO_TEMPORAL_20260919_PRE_002,PILOT,borrador,Reclasificacion de registros piloto temporales para blindaje oficial de muestra (0/60)
404ba7ec-e238-4c5a-937a-462a68a2e36d,5313362a-c18d-456f-892d-a8980155c461,Nissan Versa,,Pre-test,PILOT,borrador,PILOTO_TEMPORAL_20260919_PRE_003,PILOT,borrador,Reclasificacion de registros piloto temporales para blindaje oficial de muestra (0/60)
04c1d327-d8d0-4868-80f9-bbe87f7aa9cb,5313362a-c18d-456f-892d-a8980155c461,Kia Rio,,Pre-test,PILOT,borrador,PILOTO_TEMPORAL_20260919_PRE_004,PILOT,borrador,Reclasificacion de registros piloto temporales para blindaje oficial de muestra (0/60)
e0636246-5066-4b40-a0f0-45f2c59ea4ec,5313362a-c18d-456f-892d-a8980155c461,Chevrolet Sail,,Pre-test,PILOT,borrador,PILOTO_TEMPORAL_20260919_PRE_005,PILOT,borrador,Reclasificacion de registros piloto temporales para blindaje oficial de muestra (0/60)
94c31f8f-7a59-4e77-aafb-e937654ee780,5313362a-c18d-456f-892d-a8980155c461,Toyota Corolla,,Pre-test,PILOT,borrador,PILOTO_TEMPORAL_20260919_PRE_006,PILOT,borrador,Reclasificacion de registros piloto temporales para blindaje oficial de muestra (0/60)
815cf384-6c09-4053-8c44-ea7c384bda14,5313362a-c18d-456f-892d-a8980155c461,Suzuki Swift,,Pre-test,PILOT,borrador,PILOTO_TEMPORAL_20260919_PRE_007,PILOT,borrador,Reclasificacion de registros piloto temporales para blindaje oficial de muestra (0/60)
834f73f9-ad49-4af0-b18e-0a67348aa1f9,5313362a-c18d-456f-892d-a8980155c461,Nissan Sentra,,Pre-test,PILOT,borrador,PILOTO_TEMPORAL_20260919_PRE_008,PILOT,borrador,Reclasificacion de registros piloto temporales para blindaje oficial de muestra (0/60)
9988b063-593e-439d-b8e1-7244d907202a,5313362a-c18d-456f-892d-a8980155c461,Hyundai i10,,Pre-test,PILOT,borrador,PILOTO_TEMPORAL_20260919_PRE_009,PILOT,borrador,Reclasificacion de registros piloto temporales para blindaje oficial de muestra (0/60)
7d6c54c5-787a-4112-a616-f7fe67504db6,5313362a-c18d-456f-892d-a8980155c461,Kia Cerato,,Pre-test,PILOT,borrador,PILOTO_TEMPORAL_20260919_PRE_010,PILOT,borrador,Reclasificacion de registros piloto temporales para blindaje oficial de muestra (0/60)
5efb2749-d819-46f0-bb4b-06364797e066,5313362a-c18d-456f-892d-a8980155c461,Toyota Yaris,,Post-test,PILOT,borrador,PILOTO_TEMPORAL_20260919_POST_001,PILOT,borrador,Reclasificacion de registros piloto temporales para blindaje oficial de muestra (0/60)
e9cd15d4-5f12-45bf-9447-d7acb83fbd57,5313362a-c18d-456f-892d-a8980155c461,Hyundai Accent,,Post-test,PILOT,borrador,PILOTO_TEMPORAL_20260919_POST_002,PILOT,borrador,Reclasificacion de registros piloto temporales para blindaje oficial de muestra (0/60)
8765c60e-67c7-4d50-b83a-126cde8cd5ba,5313362a-c18d-456f-892d-a8980155c461,Nissan Versa,,Post-test,PILOT,borrador,PILOTO_TEMPORAL_20260919_POST_003,PILOT,borrador,Reclasificacion de registros piloto temporales para blindaje oficial de muestra (0/60)
6b0f0547-bb07-494f-a6cd-1a9e666108e9,5313362a-c18d-456f-892d-a8980155c461,Kia Rio,,Post-test,PILOT,borrador,PILOTO_TEMPORAL_20260919_POST_004,PILOT,borrador,Reclasificacion de registros piloto temporales para blindaje oficial de muestra (0/60)
056958f7-7143-43c3-8538-a55e575172a8,5313362a-c18d-456f-892d-a8980155c461,Chevrolet Sail,,Post-test,PILOT,borrador,PILOTO_TEMPORAL_20260919_POST_005,PILOT,borrador,Reclasificacion de registros piloto temporales para blindaje oficial de muestra (0/60)
f026f7e9-b01d-46a8-bb41-e073e13b73ce,5313362a-c18d-456f-892d-a8980155c461,Toyota Corolla,,Post-test,PILOT,borrador,PILOTO_TEMPORAL_20260919_POST_006,PILOT,borrador,Reclasificacion de registros piloto temporales para blindaje oficial de muestra (0/60)
13733454-fd53-4168-b050-d2286b3060e4,5313362a-c18d-456f-892d-a8980155c461,Suzuki Swift,,Post-test,PILOT,borrador,PILOTO_TEMPORAL_20260919_POST_007,PILOT,borrador,Reclasificacion de registros piloto temporales para blindaje oficial de muestra (0/60)
997bc568-4204-46c1-bbae-7115a8fa3f51,5313362a-c18d-456f-892d-a8980155c461,Nissan Sentra,,Post-test,PILOT,borrador,PILOTO_TEMPORAL_20260919_POST_008,PILOT,borrador,Reclasificacion de registros piloto temporales para blindaje oficial de muestra (0/60)
331e7f4c-de38-4a57-b465-2e66176f56af,5313362a-c18d-456f-892d-a8980155c461,Hyundai i10,,Post-test,PILOT,borrador,PILOTO_TEMPORAL_20260919_POST_009,PILOT,borrador,Reclasificacion de registros piloto temporales para blindaje oficial de muestra (0/60)
de86e43f-1070-49f2-8ea4-aff4e9c27eb9,5313362a-c18d-456f-892d-a8980155c461,Kia Cerato,,Post-test,PILOT,borrador,PILOTO_TEMPORAL_20260919_POST_010,PILOT,borrador,Reclasificacion de registros piloto temporales para blindaje oficial de muestra (0/60)
